nr,lokalita,otazka,datum,opravnene_osoby,ucast,platnost_referenda,pro,proti,zavaznost,platnost_hlasovani,platnost_fin,platnost_T,referendum_validity,referendum_binding,voting_valid,binding_minimum_count,rok_fin,rok_T,obec_fin,okres_fin,kraj_fin,geo_city,lok_T
1.0,"Drahoňův Újezd (Rokycany, PLK)","Má obec Drahoňův Újezd při výkonu své samostatné působnosti využít všech zákonných prostředků (zejména z titulu schvalovatele územního plánu, účastníka správních řízení a vlastníka pozemků), aby zabránila těžbě jižní části ložiska stavebního kamene v dobývacím porstoru Třebnuška?",2006-03-25 00:00:00,112,0.804,ANO,"88                   (97,8 %)",0,ANO         (46),,ANO,True,True,True,True,46,2006,True,Drahoňův Újezd,Rokycany,Plzeňský kraj,"Drahoňův Újezd, Rokycany, Plzeňský kraj, Česká republika",True
2.0,"Tisovec                (Chrudim, PAK)","Souhlasíte s tím, aby obec Tisovec pronajala pozemek v k. ú. Tisovec p. č. 1781 firmě Holcim (Česko) a.s.  za účelem otevření lomu na těžbu kameniva?",2006-03-25 00:00:00,265,0.751,ANO,"57         (28,6 %)","137      (68,8 %)",ANO         (100),,ANO,True,True,True,True,100,2006,True,Tisovec,Chrudim,Pardubický kraj,"Tisovec, Chrudim, Pardubický kraj, Česká republika",True
3.0,"Opatovice nad Labem             (Pardubice, PAK)","1. Souhlasíte se vstupem obce do společnosti na energetické využívání odpadů EVO, a.s.?                                                                 2. Jste pro to, aby obec Opatovice nad Labem souhlasila s umístěním stavby spalovny odpadů nebo zařízení na energetické využívání odpadů na katastrálním území obce Opatovice nad Labem?",2006-06-24 00:00:00,1352,0.547,ANO,"ad 1) 98 ad 2) 46 (13,3 %; 56,2%)","ad 1) 610 ad 2) 669 (82,5 %; 90,5%)",Ad 1) ANO Ad 2) ANO (370),,ANO,True,True,False,True,370,2006,True,Opatovice nad Labem,Pardubice,Pardubický kraj,"Opatovice nad Labem, Pardubice, Pardubický kraj, Česká republika",True
4.0,"Čelákovice              (Praha-východ, STČ)",Odmítáte realizaci polyfunkčního domu Harmonie v proluce na jižní straně náměstí?,2006-09-09 00:00:00,8598,0.18,NE,"1238 (80,1%)",293        (19 %),NE,,NE,True,False,False,True,0,2006,True,Čelákovice,Praha-východ,Střední čechy,"Čelákovice, Praha-východ, Střední čechy, Česká republika",True
5.0,"Miskovice - mč               (Kutná Hora, STČ)","Souhlasíte s výstavbou dětského domova podle studie ""Výstavba nového dětského domova se školou Miskovice p. č. 90, okres Kutná Hora"" na území obce Miskovice?",20. -21.10.2006,304,0.674,ANO,"50       (24,4 %)","153 (74,6%)",ANO       (103),,ANO,True,True,True,True,103,2006,True,Miskovice - mč,Kutná Hora,Střední čechy,"Miskovice - mč, Kutná Hora, Střední čechy, Česká republika",True
6.0,"Vrbátky    (Prostějov, OLK)",Souhlasíte se změnou územního plánu obce Vrbátky umožňující stavbu lihovaru?,20. -21.10.2006,1245,0.504,ANO,"191     (30,4 %)","431     (68,6 %)",ANO       (315),,ANO,True,True,True,True,315,2006,True,Vrbátky,Prostějov,Olomoucký kraj,"Vrbátky, Prostějov, Olomoucký kraj, Česká republika",True
7.0,"Litvínov                       (Most, ÚLK)","Má město Litvínov aktivně využít všech prostředků, aby zabránilo přiblížení povrchové těžby uhlí k Litvínovu, při kterém by došlo k překročení územních ekologických limitů vymezených usnesením vlády č. 444/1991?",2006-12-01 00:00:00,21672,0.3823,NE,"7909   (95,5 %)","288        (3,8 %)",NE,,NE,True,False,False,True,0,2006,True,Litvínov,Most,Ústecký kraj,"Litvínov, Most, Ústecký kraj, Česká republika",True
8.0,"Abertamy a přidružená část Hřebečná (Karlovy Vary, KVK)","Souhlasíte s tím, aby na pozemcích obce Abertamy parc.č.1613/1 a č.1628/1 v katastrálním území Hřebečná byly za níže uvedených podmínek postaveny větrné elektrárny? (Technická specifikace: větrné elektrárny budou dvě, gondoly elektráren budou ve výšce 80m a 90m nad terénem, délka listu vrtule 45m, výkon cca 3 MW; - zisk obce: předpokládaný zisk obce Abertamy z obou elektráren bude cca 2.000.000,-Kč ročně; - podíl občanů na zisku: část každoročního zisku z elektráren bude rozdělována mezi obyvatele obce. Výši výplaty podílu na zisku v příslušném kalendářním roce bude určovat zastupitelstvo.)",2006-12-08 00:00:00,884,0.549,ANO,"437     (90,1 %)","43          (8,9 %)",ANO        (443),,ANO,True,True,True,True,443,2006,True,Abertamy a přidružená část Hřebečná,Karlovy Vary,Karlovarský kraj,"Abertamy a přidružená část Hřebečná, Karlovy Vary, Karlovarský kraj, Česká republika",True
9.0,"Mírová                   (Karlovy Vary, KVK)","Souhlasíte s tím, aby byl otevřen dobývací prostor v lokalitě Mírová - Zátiší v katastrálním území obce Mírová?",2007-01-19 00:00:00,208,0.615,ANO,"33       (25,8 %)","95       (74,2 %)",ANO         (65) ,,ANO,True,True,False,True,65,2007,True,Mírová,Karlovy Vary,Karlovarský kraj,"Mírová, Karlovy Vary, Karlovarský kraj, Česká republika",True
10.0,"Olešenka               (Havlíčkův Brod, VYS)","Souhlasíte s tím, aby v katastru obce Olešenka byly postaveny a provozovány větrné elektrárny?",2007-01-27 00:00:00,145,0.572,ANO,"43       (51,8 %)","38       (45,8 %)",ANO         (42),,ANO,True,True,True,True,42,2007,True,Olešenka,Havlíčkův Brod,Kraj Vysočina,"Olešenka, Havlíčkův Brod, Kraj Vysočina, Česká republika",True
11.0,"Trokavec (Rokycany, PLK)","Souhlasíte s tím, aby obecní zastupitelstvo obce Trokavec podniklo veškerá zákonná opatření k tomu, aby zamezilo výstavbě radarové základny Spojených států amerických na území Vojenského újezdu Brdy?",2007-03-17 00:00:00,88,0.818,ANO,"71       (98,6 %)","1            (1,4 %)",ANO         (37),,ANO,True,True,True,True,37,2007,True,Trokavec,Rokycany,Plzeňský kraj,"Trokavec, Rokycany, Plzeňský kraj, Česká republika",True
12.0," Vísky            (Rokycany, PLK)","Souhlasíte s tím, aby obecní zastupitelstvo obce Vísky podniklo veškerá zákonná opatření k tomu, aby zamezilo výstavbě radarové základny Spojených států amerických na území Vojenského újezdu Brdy?",2007-05-05 00:00:00,31,0.968,ANO,30        (100 %),0,ANO         (16),,ANO,True,True,True,True,16,2007,True,Vísky,Rokycany,Plzeňský kraj,"Vísky, Rokycany, Plzeňský kraj, Česká republika",True
13.0,"Velká Bíteš            (Žďár nad Sázavou, VYS)","Souhlasíte s tím, aby Ředitelství silnic a dálnic ČR vybudovalo na území města Velká Bíteš přeložku silnice I/37 v úseku od nového mostu ev.č. 37-059 po dálniční křižovatku D1 - km 162?",2007-05-25 00:00:00,3925,0.542,ANO,"198       (9,3 %)","1905          (89,6 %)",ANO             (1 064),,ANO,True,True,False,True,0,2007,True,Velká Bíteš,Žďár nad Sázavou,Kraj Vysočina,"Velká Bíteš, Žďár nad Sázavou, Kraj Vysočina, Česká republika",True
14.0,"Volenice         (Příbram, STČ)","Souhlasíte s tím, aby zastupitelstvo obce Volenice podniklo veškerá zákonná opatření k tomu, aby zamezilo výstavbě radarové základny Spojených států amerických na území Vojenského újezdu Brdy?",2007-06-09 00:00:00,304,0.592,ANO,"169      (93,9 %)","7            (3,9 %)",ANO         (91),,ANO,True,True,True,True,91,2007,True,Volenice,Příbram,Střední čechy,"Volenice, Příbram, Střední čechy, Česká republika",True
15.0,"Vranovice              (Příbram, STČ)","Souhlasíte s tím, aby zastupitelstvo obce Vranovice podniklo veškerá zákonná opatření k tomu, aby zamezilo výstavbě radarové základny Spojených států amerických na území Vojenského újezdu Brdy?",2007-06-09 00:00:00,207,0.729,ANO,145        (96 %) ,"6             (3,8 %)",ANO         (76),,ANO,True,True,True,True,76,2007,True,Vranovice,Příbram,Střední čechy,"Vranovice, Příbram, Střední čechy, Česká republika",True
16.0,"Bezděkov pod Třemšínem              (Příbram, STČ)","Souhlasíte s tím, aby Zastupitelstvo obce Bezděkov pod Třemšínem podniklo veškerá zákonná opatření k tomu, aby zamezilo výstavbě radarové základny na území Vojenského újezdu Brdy?",2007-06-09 00:00:00,124,0.742,ANO,"89    (96,7%)","1            (1,1 %)",ANO         (47),,ANO,True,True,True,True,47,2007,True,Bezděkov pod Třemšínem,Příbram,Střední čechy,"Bezděkov pod Třemšínem, Příbram, Střední čechy, Česká republika",True
17.0,"Rožmitál pod Třemšínem             (Příbram, STČ)","Souhlasíte s tím, aby zastupitelstvo obce Rožmitál pod Třemšínem podniklo veškerá zákonná opatření k tomu, aby zamezilo výstavbě radarové základny Spojených států amerických na území Vojenského újezdu Brdy?",2007-06-09 00:00:00,3636,0.472,NE,"1 620    (94,5 %)","83          (4,8 %)",NE,,NE,True,False,False,True,0,2007,True,Rožmitál pod Třemšínem,Příbram,Střední čechy,"Rožmitál pod Třemšínem, Příbram, Střední čechy, Česká republika",True
18.0," Zaječov              (Beroun, STČ)","Souhlasíte s tím, aby zastupitelstvo obce Zaječov podniklo veškerá zákonná opatření k tomu, aby zamezilo výstavbě radarové základny Spojených států amerických na území Vojenského újezdu Brdy?",2007-06-09 00:00:00,1125,0.658,ANO,"728     (98,4 %)","10          (1,4 %)",ANO        (371),,ANO,True,True,True,True,371,2007,True,Zaječov,Beroun,Střední čechy,"Zaječov, Beroun, Střední čechy, Česká republika",True
19.0,"Vševily                (Příbram, STČ)","Souhlasíte s tím, aby zastupitelstvo obce Vševily podniklo veškerá zákonná opatření k tomu, aby zamezilo výstavbě radarové základny Spojených států Amerických na území Vojenského újezdu Brdy?",2007-06-09 00:00:00,92,0.837,ANO,"71       (92,2 %)","6            (7,8 %)",ANO         (39),,ANO,True,True,True,True,39,2007,True,Vševily,Příbram,Střední čechy,"Vševily, Příbram, Střední čechy, Česká republika",True
20.0,"Věšín                    (Příbram, STČ)","Souhlasíte s tím, aby zastupitelstvo obce Věšín podniklo veškerá zákonná opatření k tomu, aby zamezilo výstavbě radarové základny Spojených států amerických na území Vojenského újezdu Brdy?",2007-06-09 00:00:00,537,0.74,ANO,"387      (97,5 %)","8            (2,1 %)",ANO       (199),,ANO,True,True,True,True,199,2007,True,Věšín,Příbram,Střední čechy,"Věšín, Příbram, Střední čechy, Česká republika",True
21.0,"Hvožďany            (Příbram, STČ)","Souhlasíte s tím, aby zastupitelstvo obce Hvožďany podniklo veškerá zákonná opatření k tomu, aby zamezilo výstavbě radarové základny Spojených států amerických na území Vojenského újezdu Brdy?",2007-06-02 00:00:00,630,0.65,ANO,"381      (93,2 %)","20        (22,8 %)",ANO       (205),,ANO,True,True,True,True,205,2007,True,Hvožďany,Příbram,Střední čechy,"Hvožďany, Příbram, Střední čechy, Česká republika",True
22.0,"Sedlice                   (Příbram, STČ)","Souhlasíte s tím, aby zastupitelstvo obce Sedlice podniklo veškerá zákonná opatření k tomu, aby zamezilo výstavbě radarové základny Spojených států amerických na území Vojenského újezdu Brdy?",2007-06-09 00:00:00,182,0.643,ANO,"113      (96,6 %)","4            (3,4 %)",ANO         (59),,ANO,True,True,True,True,59,2007,True,Sedlice,Příbram,Střední čechy,"Sedlice, Příbram, Střední čechy, Česká republika",True
23.0,"Těně                    (Rokycany, PLK)","Souhlasíte s tím, aby zastupitelstvo obce Těně podniklo veškerá zákonná opatření k tomu, aby zamezilo výstavbě radarové základny Spojených států amerických na území Vojenského újezdu Brdy?",2007-06-02 00:00:00,199,0.714,ANO,"139     (97,9 %)","3            (2,1 %)",ANO         (72),,ANO,True,True,True,True,72,2007,True,Těně,Rokycany,Plzeňský kraj,"Těně, Rokycany, Plzeňský kraj, Česká republika",True
24.0,"Místo               (Chomutov, ULK)","Souhlasíte s výstavbou větrných elektráren v katastru obce Místo, Vysoká Jedle a Blahuňov?",2007-06-22 00:00:00,337,0.608,ANO,"34        (16,6 %)","170             (82,9 %)",ANO       (103),,ANO,True,True,True,True,103,2007,True,Místo,Chomutov,Ústecký kraj,"Místo, Chomutov, Ústecký kraj, Česká republika",True
25.0,"Hojkov                (Jihlava, VYS","Požadujete, aby orgány obce Hojkov využily všech zákonných rozhodovacích pravomocí v samostatné působnosti (včetně schvalování územního plánu a jeho změn) k tomu, aby zabránily výstavbě hlubinného úložiště vyhořelého jaderného paliva a vysoce radioaktivních odpadů v lokalitě Rohozná?",2007-04-28 00:00:00,131,0.924,ANO,"119     (98,4 %)",0,ANO         (61),,ANO,True,True,True,True,61,2007,True,Hojkov,Jihlava,Kraj Vysočina,"Hojkov, Jihlava, Kraj Vysočina, Česká republika",True
26.0,"Staré Buky            (Trutnov, HKK)","Jsem pro odkoupení pozemků a objektů včetně zámku pro další rozvoj obce. K získání prostředků na jejich odkoupení, jsem pro prodej Obecní hospody a tělocvičny.",2007-06-29 00:00:00,368,0.617,ANO,"123      (54,2 %)","98       (43,2 %)",ANO       (114),,ANO,True,True,True,True,114,2007,True,Staré Buky,Trutnov,Královéhradecký kraj,"Staré Buky, Trutnov, Královéhradecký kraj, Česká republika",True
27.0,"Hůrky              (Rokycany, PLK)","Souhlasíte s tím, aby obecní zastupitelstvo Obce Hůrky podniklo veškerá zákonná opatření k tomu, aby zamezilo výstavbě radarové základny Spojených států Amerických na území Vojenského újezdu Brdy?",2007-06-09 00:00:00,175,0.657,ANO,"112     (97,4 %)","3            (2,6 %)",ANO         (58),,ANO,True,True,True,True,58,2007,True,Hůrky,Rokycany,Plzeňský kraj,"Hůrky, Rokycany, Plzeňský kraj, Česká republika",True
28.0,"Mirošov             (Rokycany, PLK","Souhlasíte s tím, aby zastupitelstvo města Mirošov podniklo veškerá zákonná opatření k tomu, aby zamezilo výstavbě radarové základny Spojených států amerických na území Vojenského újezdu Brdy?",2007-06-23 00:00:00,1786,0.515,ANO,"867     (97,5 %)","30          (3,3 %)",ANO       (461),,ANO,True,True,True,True,461,2007,True,Mirošov,Rokycany,Plzeňský kraj,"Mirošov, Rokycany, Plzeňský kraj, Česká republika",True
29.0,"Láz                          (Příbram, STČ)","Souhlasíte s tím, aby Zastupitelstvo obce Láz podniklo veškerá zákonná opatření k tomu, aby zamezilo výstavbě radarové základny Spojených států amerických na území Vojenského újezdu Brdy?",2007-07-28 00:00:00,456,0.603,ANO,"254     (94,5 %)","6            (2,2 %)",ANO       (138),,ANO,True,True,True,True,138,2007,True,Láz,Příbram,Střední čechy,"Láz, Příbram, Střední čechy, Česká republika",True
30.0,"Štítov                 (Rokycany, PLK)","Souhlasíte s tím, aby zastupitelstvo obce Štítov podniklo veškerá zákonná opatření k tomu, aby zamezilo výstavbě radarové základny Spojených států amerických na území Vojenského újezdu Brdy?",2007-06-09 00:00:00,44,0.864,ANO,"33       (86,8 %)","5          (13,2 %)",ANO         (20),,ANO,True,True,True,True,20,2007,True,Štítov,Rokycany,Plzeňský kraj,"Štítov, Rokycany, Plzeňský kraj, Česká republika",True
31.0,"Veselá               (Rokycany, PLK)","Má obec Veselá při výkonu své samostatné působnosti využít všech zákonných prostředků, aby zabránila výstavbě radarové základny Spojených států amerických na území Vojenského výcvikového prostoru Brdy?",2007-06-30 00:00:00,169,0.538,ANO,"90       (98,9 %)","1            (1,1 %)",ANO         (46),,ANO,True,True,True,True,46,2007,True,Veselá,Rokycany,Plzeňský kraj,"Veselá, Rokycany, Plzeňský kraj, Česká republika",True
32.0,"Lichkov                          (Ústí nad Orlicí, PAK)","Souhlasíte se stavbou větrné elektrárny na ""Hraničním kopci"" v k.ú. Lichkov?",2007-09-08 00:00:00,411,0.5669,ANO,"213     (91,8 %)","19          (8,2 %)",ANO       (117),,ANO,True,True,True,True,117,2007,True,Lichkov,Ústí nad Orlicí,Pardubický kraj,"Lichkov, Ústí nad Orlicí, Pardubický kraj, Česká republika",True
33.0,"Bohutín                   (Příbram, STČ)","Souhlasíte s tím, aby Zastupitelstvo obce Bohutín podniklo veškerá zákonná opatření k tomu, aby zamezilo výstavbě radarové základny Spojených států amerických na území Vojenského újezdu Brdy?",2007-09-01 00:00:00,1289,0.378,NE,458        (94 %),"28          (5,7 %)",NE,,NE,True,False,False,True,0,2007,True,Bohutín,Příbram,Střední čechy,"Bohutín, Příbram, Střední čechy, Česká republika",True
34.0,"Omice                            (Brno-venkov, JHM)","Souhlasíte s tím, aby zastupitelstvo obce Omice při vydávání územního plánu podniklo v samostatné působnosti kroky ke schválení lokality Z.7, Z.22 a Z.25 pro výstavbu rodinných domů?",2007-10-20 00:00:00,580,0.56,ANO,"62        (19,1 %)","253     (77,9 %)",ANO       (163),,ANO,True,True,True,True,163,2007,True,Omice,Brno-venkov,Jihomoravský kraj,"Omice, Brno-venkov, Jihomoravský kraj, Česká republika",True
35.0,"Vnorovy                     (Hodonín, JHM)","1. Souhlasím, aby v katastru obce Vnorovy byla vybudována na pozemcích ve vlastnictví Obce Vnorovy fotovoltaická elektrárna na ploše do 65 ha.                                                                                        2. Souhlasím s prodejem pozemků ve vlastnictví Obce Vnorovy za účelem výstavby fotovoltaické elektrárny.",2007-11-24 00:00:00,2457,0.353,NE,"ad) 1 260    ad 2) 76 (30 %;    8,8 %)","ad 1) 574    ad 2) 750 (66,2 %; 86,5 %)",NE,,NE,True,False,False,True,0,2007,True,Vnorovy,Hodonín,Jihomoravský kraj,"Vnorovy, Hodonín, Jihomoravský kraj, Česká republika",True
36.0,"Nový Rychnov (Pelhřimov, VYS)","Požadujete, aby orgány Obce Nový Rychnov využily všech svých zákonných rozhodovacích pravomocí v samostatné působnosti (včetně schvalování územního plánu a jeho změn) k tomu, aby zabránily výstavbě hlubinného úložiště vyhořelého jaderného paliva a vysoce radioaktivních odpadů v lokalitě Rohozná?",2007-09-29 00:00:00,809,0.472,NE,"362     (94,8 %)","20          (5,2 %)",NE,,NE,True,False,False,True,0,2007,True,Nový Rychnov,Pelhřimov,Kraj Vysočina,"Nový Rychnov, Pelhřimov, Kraj Vysočina, Česká republika",True
37.0,"Horní Blatná (Karlovy Vary, KVK)","Souhlasíte s tím, aby zastupitelstvo Horní Blatné podpořilo výstavbu silničního obchvatu Horní Blatné?",2007-11-03 00:00:00,305,0.446,NE,"98       (72,1 %)","36         (26,5 %)",NE,,NE,True,False,False,True,0,2007,True,Horní Blatná,Karlovy Vary,Karlovarský kraj,"Horní Blatná, Karlovy Vary, Karlovarský kraj, Česká republika",True
38.0,"Koleč                          (Kladno, STČ)",Souhlasíte s výstavbou větrných elektráren na katastrálním území obce Koleč?,2007-10-29 00:00:00,471,0.306,NE,"59       (40,8 %)","81       (56,3 %)",NE,,NE,True,False,False,True,0,2007,True,Koleč,Kladno,Střední čechy,"Koleč, Kladno, Střední čechy, Česká republika",True
39.0,"Ochoz u Brna                  (Brno-venkov, JHM)","1. Souhlasíte s tím, aby zastupitestvo obce Ochoz u Brna učinilo v samostatné působnosti veškeré kroky k neschválení nového v současnosti připravovaného návrhu územního plánu.                   2. Souhlasíte, aby se současné okolí místního hřbitova (40 m od hřbitovní zdi) stalo pietní zónou a v novém územním plánu tedy nezastavitelným územím?",2007-11-12 00:00:00,951,0.354,NE,"ad 1) 287      ad 2) 261 (86,7 %; 78,9 %)","ad 1) 42             ad 2) 70 (12,7 %; 21,1 %)",NE,,NE,True,False,False,True,0,2007,True,Ochoz u Brna,Brno-venkov,Jihomoravský kraj,"Ochoz u Brna, Brno-venkov, Jihomoravský kraj, Česká republika",True
40.0,"Opatov                        (Jihlava, VYS)","Požadujete, aby orgány obce Opatov využily všech svých rozhodovacích pravomocí v samostatné působnosti (včetně schvalování územního plánu a jeho změn) k tomu, aby zabránily výstavbě hlubinného úložiště vyhořelého jaderného paliva a vysoce radioaktivních odpadů v lokalitě Rohozná?",2007-11-10 00:00:00,160,0.675,ANO,"103     (95,4 %)","3            (2,8 %)",ANO         (55),,ANO,True,True,True,True,55,2007,True,Opatov,Jihlava,Kraj Vysočina,"Opatov, Jihlava, Kraj Vysočina, Česká republika",True
41.0," Líšťany                        (Louny, ULK)",Souhlasíte s výstavbou větrných elektráren v severozápadním okraji katastrálního území Líšťany?,2007-11-30 00:00:00,375,0.443,NE,"100      (60,2 %)","66       (39,8 %)",NE,,NE,True,False,False,True,0,2007,True,Líšťany,Louny,Ústecký kraj,"Líšťany, Louny, Ústecký kraj, Česká republika",True
42.0,"Strašice               (Rokycany, PLK)","Má obec Strašice při výkonu své samostatné působnosti podniknout veškerá zákonná opatření k tomu, aby zamezila výstavbě radarové stanice Spojených států amerických na území vojenského výcvikového prostoru Brdy?",2007-11-10 00:00:00,1910,0.367,NE,"646     (93,2 %)","36          (5,2 %)",NE,,NE,True,False,False,True,0,2007,True,Strašice,Rokycany,Plzeňský kraj,"Strašice, Rokycany, Plzeňský kraj, Česká republika",True
43.0,"Dušejov                    (Jihlava, VYS)","Požadujete, aby orgány obce Dušejov využily všech svých zákonných rozhodovacích pravomocí v samostatné působnosti (včetně schvalování územního plánu a jeho změn) k tomu, aby zabránily výstavbě hlubinného úložiště vyhořelého paliva a vysoce radioaktivních odpadů v lokalitě Rohozná?",2007-11-24 00:00:00,329,0.653,ANO,"206     (95,8 %)","8            (3,7 %)",ANO        (108),,ANO,True,True,True,True,108,2007,True,Dušejov,Jihlava,Kraj Vysočina,"Dušejov, Jihlava, Kraj Vysočina, Česká republika",True
45.0,"Hubenov                  (Jihlava, VYS)","Požadujete, aby orgány obce Hubenov využily všech svých zákonných rozhodovacích pravomocí v samostatné působnosti (včetně schvalování územního plánu a jeho změn) k tomu, aby zabránily výstavbě hlubinného úložiště vyhořelého jaderného paliva a vysoce radioaktivních odpadů v lokalitě Rohozná?",2007-12-15 00:00:00,115,0.826,ANO,"94       (98,9 %)","1            (1,1 %)",ANO          (48),,ANO,True,True,True,True,48,2007,True,Hubenov,Jihlava,Kraj Vysočina,"Hubenov, Jihlava, Kraj Vysočina, Česká republika",True
46.0,"Milíčov                       (Jihlava, VYS)","Požadujete, aby orgány obce Milíčov využily všech svých zákonných rozhodovacích pravomocí v samostatné působnosti (včetně schvalování územního plánu a jeho změn) k tomu, aby zabránily výstavbě hlubinného úložiště vyhořelého jaderného paliva a vysoce radioaktivních odpadů v lokalitě Rohozná?",2007-12-08 00:00:00,103,0.864,ANO,"85       (95,5 %)","1            (1,1 %)",ANO         (45),,ANO,True,True,True,True,45,2007,True,Milíčov,Jihlava,Kraj Vysočina,"Milíčov, Jihlava, Kraj Vysočina, Česká republika",True
47.0,"Dvorce                       (Jihlava, VYS)","Požadujete, aby orgány obce Dvorce využily všech svých zákonných rozhodovacích pravomocí v samostatné působnosti k tomu, aby zabránily výstavbě hlubinného úložiště vyhořelého jaderného paliva a vysoce radioaktivních odpadů v lokalitě Rohozná?",2007-12-15 00:00:00,150,0.733,ANO,"105      (95,5 %)","5             (4,5 %)",ANO         (61),,ANO,True,True,True,True,61,2007,True,Dvorce,Jihlava,Kraj Vysočina,"Dvorce, Jihlava, Kraj Vysočina, Česká republika",True
48.0," Letohrad                      (Ústí nad Orlicí, PAK)",Jste pro osamostatnění městské části Kunčice s územím vymezeným k. ú. Kunčice u Letohradu?,2008-02-16 00:00:00,793,0.651,ANO,"262        (50,7%)","241     (46,6 %)",NEPŘIJATO3 (397),,ANO,True,True,False,True,397,2008,True,Letohrad,Ústí nad Orlicí,Pardubický kraj,"Letohrad, Ústí nad Orlicí, Pardubický kraj, Česká republika",True
49.0,"Želešice                    (Brno-venkov, JHM","Má obec Želešice prodávat, pronajímat či jinak nakládat se svými pozemky nacházejícími se v okolí současného kamenolomu v k.ú. Želešice, před tím, než bude vybudován a zprovozněn plánovaný silniční obchvat obce Želešice?",2008-02-02 00:00:00,1118,0.402,NE,"87       (19,5 %)",350        (78 %),NE,,NE,True,False,False,True,0,2008,True,Želešice,Brno-venkov,Jihomoravský kraj,"Želešice, Brno-venkov, Jihomoravský kraj, Česká republika",True
50.0,"Sudoměřice (Hodonín, JHM)","Souhlasíte s tím, aby orgány obce učinily při výkonu samostatné působnosti zákonné kroky vedoucí k rozšíření stávajícího rozsahu obousměrné dopravy na komunikaci č. I/70, tj. na historické cestě vedoucí přes zastavěné území obce Sudoměřice do města Skalica, o osobní  automobily do hmotnosti 3,5 tuny?",2008-03-16 00:00:00,999,0.526,ANO,"349      (66,5 %)","174     (33,1 %)",ANO       (263),,ANO,True,True,True,True,263,2008,True,Sudoměřice,Hodonín,Jihomoravský kraj,"Sudoměřice, Hodonín, Jihomoravský kraj, Česká republika",True
51.0,"Rokytnice                        (Zlín, ZLK)","Souhlasíte s tím, aby zastupitelstvo obce Rokytnice pokračovalo v soudním sporu finančního vypořádání mezi městem Slavičín a obcí Rokytnice?",2008-06-07 00:00:00,483,0.4,NE,"88       (45,6 %)","102      (52,8 %)",NE,,NE,True,False,False,True,0,2008,True,Rokytnice,Zlín,Zlínský kraj,"Rokytnice, Zlín, Zlínský kraj, Česká republika",True
52.0,"Horní Habartice (Děčín, ULK)",1.Souhlasíte s výstavbou věže místního kostela sv. Jana Křtitele?                                                                                                                     2. Souhlasíte s prodejem části p.p.č. 326/37 a p.p.č. 326/38 (využití sportoviště) na výstavbu nástupní plochy před kostelem dle nákresu projektanta?,2008-05-24 00:00:00,327,0.697,ANO,"ad 1) 103    ad 2) 97 (45,2 %; 42,5 %)","ad 1) 113    ad 2) 113 (49,6 %; 49,6 %)",NE,,ANO,True,True,False,True,0,2008,True,Horní Habartice,Děčín,Ústecký kraj,"Horní Habartice, Děčín, Ústecký kraj, Česká republika",True
53.0,"Cejle                         (Jihlava, VYS)","Požadujete, aby orgány obce Cejle využily všech svých zákonných rozhodovacích pravomocí v samostatné působnosti k tomu, aby zabránily výstavbě hlubinného úložiště vyhořelého jaderného paliva a vysoce radioaktivních odpadů v lokalitě Rohozná?",2008-03-22 00:00:00,347,0.726,ANO,"200     (79,4 %)","38       (15,1 %)",ANO       (127),,ANO,True,True,True,True,127,2008,True,Cejle,Jihlava,Kraj Vysočina,"Cejle, Jihlava, Kraj Vysočina, Česká republika",True
54.0,"Zlín                    (Zlín, ZLK)","Souhlasíte s osamostatněním, tedy oddělením, místní části Želechovice nad Dřevnicí od statutárního města Zlína a vznikem samostatné obce Želechovice nad Dřevnicí?",2008-05-17 00:00:00,1624,0.833,ANO,"1 259 (93,1 %)","83          (6,1 %)",ANO       (813),,ANO,True,True,True,True,813,2008,True,Zlín,Zlín,Zlínský kraj,"Zlín, Zlín, Zlínský kraj, Česká republika",True
55.0,"Studenec                  (Třebíč, VYS)","Požadujete, aby z pomníku padlých na návsi byl odstraněn reliéf J.V.Stalina?",2008-05-01 00:00:00,447,0.508,ANO,50 (22 %),"154      (67,8 %)",ANO       (114),,ANO,True,True,True,True,114,2008,True,Studenec,Třebíč,Kraj Vysočina,"Studenec, Třebíč, Kraj Vysočina, Česká republika",True
57.0,"Sobotín                  (Šumperk, OLK)",Souhlasíte se vznikem nové obce Petrov nad Desnou oddělením od současné obce Sobotín?,2008-09-06 00:00:00,958,0.628,ANO,"505      (83,9 %)",78           (13 %),ANO       (480),,ANO,True,True,True,True,480,2008,True,Sobotín,Šumperk,Olomoucký kraj,"Sobotín, Šumperk, Olomoucký kraj, Česká republika",True
58.0,"Bousín               (Prostějov, OLK)",Souhlasíte s výstavbou větrných elektráren na k.ú. Bousín a Repechy?,2008-07-19 00:00:00,111,0.766,ANO,"25        (29,4 %)","59        (69,4 %)",ANO         (28),,ANO,True,True,True,True,28,2008,True,Bousín,Prostějov,Olomoucký kraj,"Bousín, Prostějov, Olomoucký kraj, Česká republika",True
59.0,"Milevsko                   (Písek, JHČ)",Souhlasíte s vyhlášením záměru na prodej plochy autobusového nádraží v Milevsku k výstavbě obchodního centra?,17. -18.10.2008,7539,0.497,ANO,"1 069    (28,5 %)","2 495    (66,6 %)",ANO      (1885),,ANO,True,True,True,True,1885,2008,True,Milevsko,Písek,Jihočeský kraj,"Milevsko, Písek, Jihočeský kraj, Česká republika",True
60.0,"Nové Heřminovy (Bruntál, MSK)","Souhlasíte s tím, aby obec Nové Heřminovy aktivně využila všech zákonných prostředků a dalších legitimních nástrojů, aby zabránila bourání budov na území obce v souvislosti s plánovaným záměrem přehrady v obci Nové  Heřminovy, zejména aby ve všech správních či soudních řízeních souvisejících s povolováním přehrady v obci Nové Heřminovy vystupovala vždy proti realizaci záměru přehrady?",2008-08-30 00:00:00,220,0.35,ANO,"55       (71,4 %)","21       (27,3 %)",ANO         (39),,ANO,True,True,True,True,39,2008,True,Nové Heřminovy,Bruntál,Moravskoslezský kraj,"Nové Heřminovy, Bruntál, Moravskoslezský kraj, Česká republika",True
61.0,"Dolní Břežany (Praha-západ, STČ)","Souhlasíte s tím, aby Zastupitelstvo obce schválilo pouze takové návrhy územního plánu, podle kterých nebude dále rozšiřováno zastavitelné území obce a aby další výstavba v zastavitelném území obce byla rozložena do etap, a to postupně až do r. 2040?",17. -18.10.2008,1935,0.423,ANO,"781     (85,4 %)","117      (12,8 %)",ANO       (458),,ANO,True,True,True,True,458,2008,True,Dolní Břežany,Praha-západ,Střední čechy,"Dolní Břežany, Praha-západ, Střední čechy, Česká republika",True
62.0,"Struhařov                (Praha-východ, STČ)","Má obec Struhařov navrhnout a prosazovat změnu územního plánu pro pozemky č.PK 94, PK 90/1, PK 89, PK 85/4, PK 80, PK 83, PK 131, PK 132, PK 133, PK 120/1, PK 120/2, PK 732, KN 87, KN 85/2, KN 63/2, KN 63/1, KN 63/14, KN 134/4 a KN 734/2 v lokalitě Pod Hliněným Rybníkem I a II. pro budoucí využití ze zastavitelného území na území nezastavitelné?",2008-10-11 00:00:00,504,0.21,NE,"61       (57,5 %)","42       (39,6 %)",NE                 (126),,NE,True,False,False,True,126,2008,True,Struhařov,Praha-východ,Střední čechy,"Struhařov, Praha-východ, Střední čechy, Česká republika",True
63.0,"Modlíkov           (Havlíčkův Brod, VYS)",Souhlasíte s umístěním větrných elektráren v katastrálním území Modlíkov?,17. -18.10.2008,131,0.863,ANO,"59       (52,2 %)",52           (46 %),ANO         (33),,ANO,True,True,True,True,33,2008,True,Modlíkov,Havlíčkův Brod,Kraj Vysočina,"Modlíkov, Havlíčkův Brod, Kraj Vysočina, Česká republika",True
64.0,"Libčeves                   (Louny, ULK)","Souhlasíte s tím, aby v obci Všechlapy, v objektu č.p. 1 (bývalý kravín) byla vybudována bioplynová stanice?",2008-11-29 00:00:00,729,0.324,NE,"35       (14,8 %)","201      (85,2 %)",NE                (183),,NE,True,False,False,True,183,2008,True,Libčeves,Louny,Ústecký kraj,"Libčeves, Louny, Ústecký kraj, Česká republika",True
65.0,"Dýšina                (Plzeň-město, PLK)","1. Souhlasíte s výstavbou Celního a daňového skladu pohonných hmot v katastrálním území obce Dýšina?                                                                                                                      2. Má obec Dýšina při výkonu své samostatné působnosti využít všech zákonných prostředků, aby zabránila výstavbě skladu pohonných hmot na území obce?",2009-01-15 00:00:00,1302,0.507,ANO,"ad 1) 16        ad 2) 612 (2,4 %; 92,7 %)","ad 1) 627     ad 2) 31 (95 %;   4,7 %)",ad 1) NE     ad 2) ANO  (326),,ANO,True,True,False,True,326,2009,True,Dýšina,Plzeň-město,Plzeňský kraj,"Dýšina, Plzeň-město, Plzeňský kraj, Česká republika",True
66.0,"Stříbro                       (Tachov, PLK)",Souhlasíte s výstavbou větrných elektráren na území obce Stříbro?,2009-01-09 00:00:00,6264,0.231,NE,"223     (15,7 %)","1 199    (84,3 %)",NE         (1566),,NE,True,False,False,True,1566,2009,True,Stříbro,Tachov,Plzeňský kraj,"Stříbro, Tachov, Plzeňský kraj, Česká republika",True
67.0,"Havlíčkova Borová (Havlíčkův Brod, VYS)",Souhlasíte s umístěním větrných elektráren v katastrálním území Havlíčkova Borová?,2009-02-21 00:00:00,761,0.6,ANO,"42          (9,2 %)","391     (85,7 %)",ANO       (190),,ANO,True,True,True,True,190,2009,True,Havlíčkova Borová,Havlíčkův Brod,Kraj Vysočina,"Havlíčkova Borová, Havlíčkův Brod, Kraj Vysočina, Česká republika",True
68.0,"Tlumačov                        (Zlín, ZLK)","Souhlasíte s tím, aby obec Tlumačov z rozpočtu obce těm vlastníkům pozemků dotčených plánovanou stavbou protipovodňových hrází v katastrálním území Tlumačov na Moravě, jajímž investorem má být  Povodí Moravy, s. p., kteří na rozdíl od většiny ostatních vlastníků odmítli v budoucnu prodat dotčené pozemky ve výměře nezbytného trvalého záboru za standardních podmínek, vycházejících z platných oceňovacích předpisů v době podpisu kupní smlouvy, minimálně však za částku 82, 78 Kč/m², zaplatila vyšší kupní cenu za 1 m² dotčených pozemků ve výměře nezbytného trvalého záboru, případně i ve výměře přesahující výměru nezbytného travalého záboru?",2009-03-06 00:00:00,1981,0.274,NE,"335     (61,8 %)","207     (38,2 %)",NE           (496),,NE,True,False,False,True,496,2009,True,Tlumačov,Zlín,Zlínský kraj,"Tlumačov, Zlín, Zlínský kraj, Česká republika",True
69.0,"Niva                    (Prostějov, OLK)",Souhlásíte s výstavbou větrných elektráren v katastrálním území obce Niva?,2009-03-21 00:00:00,271,0.664,ANO,"29       (16,1 %)","146     (81,1 %)",ANO         (68),,ANO,True,True,True,True,68,2009,True,Niva,Prostějov,Olomoucký kraj,"Niva, Prostějov, Olomoucký kraj, Česká republika",True
70.0,"Prosetín               (Chrudim, PAK)","Souhlasím s rozšířením těžby kamene pro výrobu drceného kameniva v dobývacím prostoru Prosetín I. v rozsahu navrženém firmou Taberg Praha, s. r. o.",5. - 6. 10 2009,646,0.664,ANO,"9       (2,1%)","414      (96,5 %)",ANO       (162),,ANO,True,True,True,True,162,2009,True,Prosetín,Chrudim,Pardubický kraj,"Prosetín, Chrudim, Pardubický kraj, Česká republika",True
71.0,"Liboš                      (Olomouc, OLK)","Souhlasíte se zřízením pískoven na území obce Liboš, tj. na katastrálním území Liboš a Krnov a změnou územního plánu umožňujících zřízení a provoz pískoven na území obce Liboš?",2009-06-20 00:00:00,481,0.593,ANO,"21          (7,4 %) ","263      (92,3 %)",ANO       (121),,ANO,True,True,True,True,121,2009,True,Liboš,Olomouc,Olomoucký kraj,"Liboš, Olomouc, Olomoucký kraj, Česká republika",True
72.0,"Květnice                    (Praha-východ, STČ)","1. Souhlasíte s tím, aby zastupitelstvo obce Květnice bylo povinno neprodlěně učinit veškeré kroky v samostatné působnosti, které by zabránily výstavbě více než dvoupodlažních budov v centru obce na místě stávajících hospodářských budov, zejména realizaci záměru ""Rezidence Flores"", o němž je vedeno řízení EIA pod č.j. 142294/2008/KUSKOŽP/Ja?                                                     2. Souhlasíte s tím, aby zastupitelstvo obce Květnice bylo povinno neprodleně učinit všechny kroky v samostatné působnosti, které jsou potřebné ke schválení změny územního plánu obce Květnice obsahující níže uvedené podmínky?              3. Souhlasíte s tím, aby bylo zastupitelstvo obce Květnice povinno neprodlěně učinit veškeré kroky v samostatné působnosti potřebné k tomu, aby nebyl realizován projekt ""Zahrady Květnice"" na pozemcích parc. č. 550/28 a 550/26 v katastrálním území Květnice dříve, než bude dokončena příslušná infrastruktura (dostatečná kapacita ČOV, posílení vodovodní sítě vč. vodojemu, vyřešení dopravních obslužných tras)?",2009-06-28 00:00:00,686,0.434,ANO,"ad 1) 292     ad 2) 287    ad 3) 295 (98 %; 96,3 %; 99 %)","Ad 1) 4      Ad 2) 8   Ad 3) 3 (1,3 %;       2,7 %; 1 %)",ad 1) ANO ad 2) ANO ad 3) ANO (172),,ANO,True,True,False,True,172,2009,True,Květnice,Praha-východ,Střední čechy,"Květnice, Praha-východ, Střední čechy, Česká republika",True
73.0,"Černá Hora (Blansko, JHM)","Jste pro vystoupení městyse Černá Hora ze Svazku vodovodů a kanalizací měst a obcí se sídlem v Boskovicích, 17. listopadu 14, i za předpokladu nutnosti vrácení dlužné částky ve výši nejméně 7 mil. Kč Svazku a předpokladu, že cena vodného a stočného v městysu Černá Hora může být po započítání vypořádání se Svazkem a uplatnění odpisů vodohospodářského majetku městyse vyšší, než je cenma současná?",2009-07-03 00:00:00,1561,0.181,NE,265        (94 %),"15          (5,3 %)",NE           (391),,NE,True,False,False,True,391,2009,True,Černá Hora,Blansko,Jihomoravský kraj,"Černá Hora, Blansko, Jihomoravský kraj, Česká republika",True
74.0,"Rohozná u Jihlavy                  (Jihlava, VYS)","1. Souhlasíte s tím, aby bylo v katastrálním území obce Rohozná u Jihlavy vybudováno hlubinné úložiště vysoceradioaktivních odpadů a vyhořelého jaderného paliva.                                             2. Souhlasím, aby na našem katastrálním území  byl proveden v rámci hlubinného úložiště geologický průzkum.",2009-08-15 00:00:00,312,0.75,ANO,"ad 1) 6           ad 2) 13 (2,6 %; 5,6 %)","ad 1) 226    ad 2) 218 (96,6 %; 93,2 %)",ad 1) ANO ad 2) ANO (78),,ANO,True,True,False,True,78,2009,True,Rohozná u Jihlavy,Jihlava,Kraj Vysočina,"Rohozná u Jihlavy, Jihlava, Kraj Vysočina, Česká republika",True
75.0,"Chotíkov                      (Plzeň-sever, PLK)",Souhlasíte s výstavbou zařízení na termické zpracování komunálního odpadu v katastrálním území obce Chotíkov?,2009-09-04 00:00:00,788,0.766,ANO,"312     (51,7 %)","291     (48,2 %)",ANO       (197),,ANO,True,True,True,True,197,2009,True,Chotíkov,Plzeň-sever,Plzeňský kraj,"Chotíkov, Plzeň-sever, Plzeňský kraj, Česká republika",True
76.0,"Zlín                    (Zlín, ZLK)","Souhlasíte s osamostatněním, tedy oddělením, místní části Kostelec od statutárního města Zlína a vznikem samostatné obce Kostelec u Zlína?",2009-09-11 00:00:00,1534,0.608,ANO,"231     (24,8 %)","677     (72,6 %)",NEPŘIJATO3 (768)        ,,ANO,True,True,False,True,768,2009,True,Zlín,Zlín,Zlínský kraj,"Zlín, Zlín, Zlínský kraj, Česká republika",True
77.0,"Lišnice                        (Most, ULK)",Má zastupitelstvo obce umožnit změnou územního plánu výstavbu skladovacího areálu obilovin na parcele 303/1 v katastrálním území obce Lišnice?,2009-09-12 00:00:00,173,0.665,ANO,"63       (54,8 %)","45       (39,1 %)",ANO         (44),,ANO,True,True,True,True,44,2009,True,Lišnice,Most,Ústecký kraj,"Lišnice, Most, Ústecký kraj, Česká republika",True
78.0,"Větřkovice                 (Opava, MSK)","Má zastupitelstvo obce Větřkovice podnikat další kroky, směřující k výstavbě větrných elektráren v katastrálním území Větřkovice u Vítkova a v katastrálním území Nové Vrbno?",2009-09-26 00:00:00,623,0.657,ANO,"121     (29,6 %)","272     (66,5 %)",ANO       (156),,ANO,True,True,True,True,156,2009,True,Větřkovice,Opava,Moravskoslezský kraj,"Větřkovice, Opava, Moravskoslezský kraj, Česká republika",True
79.0,"Věrovany (Olomouc, OLK)","Souhlasíte s tím, aby zastupitelstvo obce Věrovany podporovalo vybudování pískovny na katastrálním území obce Věrovany včetně změny územního plánu, která by umožnila těžbu písku na tomto území?",2009-10-10 00:00:00,1123,0.613,ANO,"45          (6,5 %)","631     (91,7 %)",ANO       (281),,ANO,True,True,True,True,281,2009,True,Věrovany,Olomouc,Olomoucký kraj,"Věrovany, Olomouc, Olomoucký kraj, Česká republika",True
80.0,"Okrouhlá Radouň (Jindřichův Hradec, JHČ)","1. Souhlasíte s tím, aby odpovědné obecní orgány obce Okrouhlá Radouň při výkonu samostatné působnosti obce využily všech zákonných prostředků k zabránění stavby úložiště vyhořelého jaderného paliva a vysoce radioaktivních odpadů?                            2. Souhlasíte s tím, aby odpovědné obecní orgány při výkonu samostatné působnosti obce využily všech zákonných prostředků k zabránění stavby podzemního zásobníku plynů?",2009-10-10 00:00:00,148,0.595,ANO,"ad 1) 82     ad 2) 80 (93,2 %; 90,9 %)","ad 1) 5    ad 2) 7  (5,7 %; 2,8 %)",ANO         (37),,ANO,True,True,True,True,37,2009,True,Okrouhlá Radouň,Jindřichův Hradec,Jihočeský kraj,"Okrouhlá Radouň, Jindřichův Hradec, Jihočeský kraj, Česká republika",True
81.0,"Veselí nad Lužnicí         (Tábor, JHČ)",Souhlasíte s vyhlášením záměru na prodej plochy u kulturního domu ve Veselí nad Lužnicí k výstavbě obchodního centra za účelem získání finančních prostředků na rekonstrukci kulturního domu?,2009-11-07 00:00:00,5378,0.3327,NE,"513     (28,7 %)","1 261    (70,5 %)",NE           (1345),,NE,True,False,False,True,1345,2009,True,Veselí nad Lužnicí,Tábor,Jihočeský kraj,"Veselí nad Lužnicí, Tábor, Jihočeský kraj, Česká republika",True
82.0,"Úhonice            (Praha-západ, STČ)",Souhlasíte s umístěním větrných elektráren v katastrálním území obce Úhonice?,2009-11-21 00:00:00,777,0.367,ANO,97           (34 %),"174     (61,1 %)",NE           (194),,ANO,True,True,False,True,194,2009,True,Úhonice,Praha-západ,Střední čechy,"Úhonice, Praha-západ, Střední čechy, Česká republika",True
83.0,"Vamberk                   (Rychnov nad Kněžnou, HKK",Souhlasíte s prodejem chaty Vyhlídka?,20.11.200929,3823,0.275,NE,"471     (44,8  %)","551     (52,4 %)",NE           (956),,NE,True,False,False,True,956,2009,True,Vamberk,Rychnov nad Kněžnou,Královéhradecký kraj,"Vamberk, Rychnov nad Kněžnou, Královéhradecký kraj, Česká republika",True
84.0,"Roztoky                        (Praha-západ, STČ)","Souhlasíte s tím, aby Zastupitelstvo města Roztoky v rámci své pravomoci a působnosti pro celé území města Roztoky schválilo pouze takový návrh územního plánu, regulačního plánu nebo územní studie, v němž nová výstavba pro bydlení v plochách čistě obytných a obytných mimo současné zastavěné území definované Územním plánem města Roztoky ze dne 7. 9. 1995 ve znění platných změn bude povolena pouze rodinnými domy?",2009-11-26 00:00:00,5711,0.256,NE,"1 323   (90,5 %)","130       (8,9 %)",NE          (1428),,NE,True,False,False,True,1428,2009,True,Roztoky,Praha-západ,Střední čechy,"Roztoky, Praha-západ, Střední čechy, Česká republika",True
85.0,"Běloky                  (Kladno, STČ)","1. Souhlasíte s tím, aby v připravovaném územním plánu obce Běloky bylo uvažováno s průmyslovou zástavbou?                                                                        2. Souhlasíte s tím, aby v připravovaném územním plánu obce Běloky byla povolena další bytová výstvba nad 10% současných popisných čísel obce Běloky?",2009-11-28 00:00:00,114,0.816,ANO,"ad 1)    5         ad 2)  30 (5,4 %; 32,3 %)","ad 1)  85       ad 2) 60 (91,4 %; 64,5 %)",ad 1) ANO ad 2) ANO (29),,ANO,True,True,False,True,29,2009,True,Běloky,Kladno,Střední čechy,"Běloky, Kladno, Střední čechy, Česká republika",True
87.0,"Siřejovice (Litoměřice, ULK)",Souhlasíte s umístěním logistického centra v katastru obce Siřejovice?,2010-01-30 00:00:00,233,0.6266,ANO,"15       (10,3 %)",127        (87 %),ANO         (58),,ANO,True,True,True,True,58,2010,True,Siřejovice,Litoměřice,Ústecký kraj,"Siřejovice, Litoměřice, Ústecký kraj, Česká republika",True
88.0,"Záboří                         (České Budějovice, JHČ)",Souhlasíte s výstavbou fotovoltaické elektrárny v obci Záboří?,2010-01-30 00:00:00,267,0.581,ANO,"74       (47,7 %)","78       (50,3 %)",ANO         (67),,ANO,True,True,True,True,67,2010,True,Záboří,České Budějovice,Jihočeský kraj,"Záboří, České Budějovice, Jihočeský kraj, Česká republika",True
89.0,"Chvatěruby              (Mělník, STČ)","1. Souhlasíte s tím, aby obec Chvatěruby činila všechny dostupné právní kroky, které zabrání záměru rozšíření letiště Vodochody na veřejné mezinárodní letiště.                                                                                             2. Souhlasíte s rozšířením letiště Vodochody na mezinárodní letiště?",2010-02-12 00:00:00,376,0.577,ANO,"ad 1) 207     ad 2) 6 (95,4 %; 2,8 %)","ad 1)    8         ad 2) 209 (3,7 %; 96,3 %)",ad 1) ANO ad 2) ANO (94),,ANO,True,True,False,True,94,2010,True,Chvatěruby,Mělník,Střední čechy,"Chvatěruby, Mělník, Střední čechy, Česká republika",True
90.0,"Zlončice               (Mělník, STČ)","1. Souhlasíte s tím, aby obec Zlončice činila všechny dostupné právní kroky, které zabrání záměru rozšíření letiště Vodochody na veřejné mezinárodní letiště.                                                                 2. Souhlasíte s rozšířením letiště Vodochody na mezinárodní letiště?",2010-02-12 00:00:00,329,0.641,ANO,"ad 1) 208     ad 2) 5 (98,6 %; 2,4 %)","ad 1) 2         ad 2) 200 (1 %;    94,8 %)",ad 1) ANO ad 2) ANO (83),,ANO,True,True,False,True,83,2010,True,Zlončice,Mělník,Střední čechy,"Zlončice, Mělník, Střední čechy, Česká republika",True
91.0,"Strážná                          (Ústí nad Orlicí, PAK)",Souhlasíte s výstavbou větrných elektráren na k. ú. Strážná?,2010-03-06 00:00:00,84,0.619,ANO,"2            (3,8 %)","50       (96,2 %)",ANO         (21),,ANO,True,True,True,True,21,2010,True,Strážná,Ústí nad Orlicí,Pardubický kraj,"Strážná, Ústí nad Orlicí, Pardubický kraj, Česká republika",True
92.0,"Panenské Břežany                    (Praha-východ, STČ)","1. Souhlasíte s tím, aby obec Panenské Břežany činila všechny dostupné právní kroky, které zabrání záměru rozšíření letiště Vodochody na veřejné mezinárodní letiště?                                                                                            2. Souhlasíte s rozšířením letiště Vodochody na veřejné mezinárodní letiště?",2010-03-19 00:00:00,449,0.715,ANO,"ad 1) 302    ad 2) 14 (94,1 %; 4,4 %)   ","ad 1) 18     ad 2) 305 (5,6 %; 95,1 %)",ad 1) ANO ad 2) ANO (113),,ANO,True,True,False,True,113,2010,True,Panenské Břežany,Praha-východ,Střední čechy,"Panenské Břežany, Praha-východ, Střední čechy, Česká republika",True
93.0,"Hronov                   (Náchod, HKK)",Souhlasíte s osamostatněním místních částí Velký Dřevíč a Rokytník od města Hronova a vznikem společné samostatné obce?,2010-03-20 00:00:00,870,0.759,ANO,396        (60 %),257        (39 %),NEPŘIJATO3 (436),,ANO,True,True,False,True,436,2010,True,Hronov,Náchod,Královéhradecký kraj,"Hronov, Náchod, Královéhradecký kraj, Česká republika",True
94.0,"Bašť                           (Praha-východ, STČ)","1. Souhlasíte s plánovanou výstavbou veřejného mezinárodního letiště ve Vodochodech?                                                                       2. Má obec Bašť využít všech dostupných prostředků, aby zabránila realizaci veřejného letiště ve Vodochodech?",2010-03-24 00:00:00,910,0.593,ANO,"Ad 1) 15      Ad 2) 509 (2,8 %; 94,3 %)","Ad 1) 518   Ad 2) 28 (96 %;    5,2 %)",Ad 1) ANO Ad 2) ANO (228),,ANO,True,True,False,True,228,2010,True,Bašť,Praha-východ,Střední čechy,"Bašť, Praha-východ, Střední čechy, Česká republika",True
95.0,"Máslovice                (Praha-východ, STČ)","1. Souhlasíte s rozšířením letiště Vodochody na veřejné mezinárodní letiště?                                                                              2. Souhlasíte s tím, aby zastupitelstvo obce Máslovice činilo všechny dostupné právní kroky, které zabrání záměru rozšíření letiště Vodochody na veřejné mezinárodní letiště?",2010-03-26 00:00:00,249,0.594,ANO,"Ad 1) 13      Ad 2) 126 (8,8 %; 85,1 %)","Ad 1) 130      Ad 2) 19 (87,8 %; 12,8 %)",Ad 1) ANO Ad 2) ANO (63),,ANO,True,True,False,True,63,2010,True,Máslovice,Praha-východ,Střední čechy,"Máslovice, Praha-východ, Střední čechy, Česká republika",True
96.0,"Dolany         (Mělník, STČ)","1. Souhlasíte s tím, aby obec Dolany činila všechny dostupné právní kroky, které zabrání záměru rozšíření letiště Vodochody na veřejné mezinárodní letiště?                                                                2. Souhlasíte s rozšířením letiště Vodochody na veřejné mezinárodní letiště?",2010-04-16 00:00:00,624,0.729,ANO,"Ad 1) 435      Ad 2) 4 (95,6 %; 0,9 %)","Ad 1) 5         Ad 2) 435 (1,1 %; 95,6 %)",Ad 1) ANO Ad 2) ANO (156),,ANO,True,True,False,True,156,2010,True,Dolany,Mělník,Střední čechy,"Dolany, Mělník, Střední čechy, Česká republika",True
97.0,"Nový Jičín               (Nový Jičín, MSK)","Souhlasíte s tím, aby se část města - Libhošť oddělením od města Nový Jičín stala samostatnou obcí?",2010-04-11 00:00:00,1289,0.694,ANO,"766     (85,6 %)",114        (13 %),ANO       (645),,ANO,True,True,True,True,645,2010,True,Nový Jičín,Nový Jičín,Moravskoslezský kraj,"Nový Jičín, Nový Jičín, Moravskoslezský kraj, Česká republika",True
98.0,"Odolena Voda (Praha-východ, STČ)","1. Souhlasíte s rozšířením letiště Vodochody na veřejné mezinárodní letiště?                                                                              2. Souhlasíte s tím, aby město Odolena Voda činilo všechny dostupné právní kroky, které zabrání záměru rozšíření letiště Vodochody na veřejné mezinárodní letiště?",2010-04-17 00:00:00,4250,0.26,NE,"Ad 1) 409      Ad 2) 675 (36,9 %;  61 %)","Ad 1) 666      Ad 2) 346 (60,2 %; 31,3 %)",NE         (1063),,NE,True,False,False,True,1063,2010,True,Odolena Voda,Praha-východ,Střední čechy,"Odolena Voda, Praha-východ, Střední čechy, Česká republika",True
99.0,"Postřižín              (Mělník, STČ)","1. Souhlasíte s tím, aby obec Postřižín činila všechny dostupné právní kroky, které zabrání záměru rozšíření letiště Vodochody na veřejné mezinárodní letiště?                                                                 2. Souhlasíte s rozšířením letiště Vodochody na veřejné mezinárodní letiště?",2010-04-23 00:00:00,492,0.504,ANO,"Ad 1) 221      Ad 2) 27 (89,1 %; 10,9 %)","Ad 1) 23      Ad 2) 219 (9,8 %; 88,3 %)",Ad 1) ANO Ad 2) ANO (123),,ANO,True,True,False,True,123,2010,True,Postřižín,Mělník,Střední čechy,"Postřižín, Mělník, Střední čechy, Česká republika",True
100.0,"Cotkytle                        (Ústí nad Orlicí, PAK)","1. Souhlasíte s výstavbou větrných elektráren na katastrálním území Cotkytle, Herbortice, Mezilesí u Lanškrouna?",2010-05-22 00:00:00,327,0.599,ANO,"40       (20,4 %)",149        (76 %),ANO         (81),,ANO,True,True,True,True,81,2010,True,Cotkytle,Ústí nad Orlicí,Pardubický kraj,"Cotkytle, Ústí nad Orlicí, Pardubický kraj, Česká republika",True
101.0,"Myslkovice             (Tábor, JHČ)",1. Souhlasíte s výstavbnou fotovoltraické elektrárny  v Myslkovicích?,2010-05-22 00:00:00,314,0.618,ANO,"69       (35,6 %)","121     (62,4 %)",ANO         (79),,ANO,True,True,True,True,79,2010,True,Myslkovice,Tábor,Jihočeský kraj,"Myslkovice, Tábor, Jihočeský kraj, Česká republika",True
102.0,"Měšice                    (Praha-východ, STČ)","1. Souhlasíte s tím, aby zastupitelstvo obce Měšice činilo všechny dostupné právní kroky, které zabrání záměru rozšíření letiště Vodochody na veřejné mezinárodní letiště?                                                                 2. Souhlasíte s rozšířením letiště Vodochody na veřejné mezinárodní letiště?",28. - 29. 5. 2010,1170,0.66,ANO,"Ad 1) 731    Ad 2) 44 (94,5 %; 5,7 %)","Ad 1) 39     Ad 2) 724 (5,1 %; 93,8 %)",Ad 1) ANO Ad 2) ANO (293),,ANO,True,True,False,True,293,2010,True,Měšice,Praha-východ,Střední čechy,"Měšice, Praha-východ, Střední čechy, Česká republika",True
103.0,"Mratín                   (Praha-východ, STČ)","1. Souhlasíte s tím, aby obec Mratín činila všechny dostupné právní kroky, které zabrání záměru rozšíření letiště Vodochody na veřejné mezinárodní letiště?                                                                2. Souhlasíte s rozšířením letiště Vodochody na veřejné mezinárodní letiště?",28. - 29. 5. 2010,793,0.641,ANO,"Ad 1) 475    Ad 2) 27 (93,5 %; 5,3%)","Ad 1) 29     Ad 2) 464 (5,7 %; 91,3 %)",Ad 1) ANO Ad 2) ANO (199),,ANO,True,True,False,True,199,2010,True,Mratín,Praha-východ,Střední čechy,"Mratín, Praha-východ, Střední čechy, Česká republika",True
104.0,"Sudice                 (Blansko, JHM)",1. Souhlasíte s výstavbou fotovoltaické elektrárny na pozemcích parcelní čísla 464/15 a 5456/2 v katastrálním území Sudice u Boskovic?,28. - 29. 5. 2010,355,0.707,ANO,"78       (31,1 %)","158     (62,9 %)",ANO         (89),,ANO,True,True,True,True,89,2010,True,Sudice,Blansko,Jihomoravský kraj,"Sudice, Blansko, Jihomoravský kraj, Česká republika",True
105.0,"Líbeznice                (Praha-východ, STČ)","1. Souhlasíte s plánovanou výstavbou veřejného mezinárodního letiště ve Vodochodech?                                                                       2. Má obec Líbeznice využít všech dostupných právních prostředků, aby zabránila realizaci veřejného letiště ve Vodochodech?",28. - 29. 5. 2010,1418,0.547,ANO,"Ad 1) 95          Ad 2) 643 (12,32 %; 83 %)","Ad 1) 629    Ad 2) 90 (81,2 %; 11,1 %)",Ad 1) ANO Ad 2) ANO (356),,ANO,True,True,False,True,356,2010,True,Líbeznice,Praha-východ,Střední čechy,"Líbeznice, Praha-východ, Střední čechy, Česká republika",True
107.0,"Žádovice              (Hodonín, JHM)",1. Souhlasíte s výstavbou zařízení na výrobu elektrické energie z odpadní dřevní biomasy v průmyslové zóně Kelčany?,2010-06-19 00:00:00,636,0.4937,ANO,"35       (11,1 %)","273     (86,9 %)",ANO       (159),,ANO,True,True,True,True,159,2010,True,Žádovice,Hodonín,Jihomoravský kraj,"Žádovice, Hodonín, Jihomoravský kraj, Česká republika",True
108.0,"Ústup                 (Blansko, JHM)","1. Souhlasíte s výstavbou fotovoltaické elektrárny či fotovoltaických elektráren v katastrátním území obce Ústup, zejména na pozemcích p. č. 398/2, 400, 401, 405/2 a 403 v k. ú. Ústup?",2010-06-27 00:00:00,33,0.939,ANO,"21       (67,7 %)","10       (32,3 %)",ANO            (9),,ANO,True,True,True,True,9,2010,True,Ústup,Blansko,Jihomoravský kraj,"Ústup, Blansko, Jihomoravský kraj, Česká republika",True
109.0,"Klecany                  (Praha-východ, STČ)","1. Souhlasíte s rozšířením letiště Vodochody na veřejné mezinárodní letiště?                                                                              2. Souhlasíte s tím, aby Město Klecany činilo všechny dostupné právní kroky, které zabrání záměru rozšíření letiště Vodochody na veřejné mezinárodní letiště?                                                                3. Souhlasíte se záměrem ""Řešení energetického využití organických odpadů a kalů z Prahy"" lokalita Drasty v rámci stavby č. 6963 ""Celková přestavba a rozšíření ÚČOV v Praze na Císařském ostrově""?                                                                             4. Souhlasíte s tím, aby město Klecany činilo všechny dostupné právní kroky, které zabrání záměru ""Řešení energetického využití organických odpadů a kalů z Prahy"" lokalita Drasty v rámci stavby č. 6963 ""Celková přestavba a rozšíření ÚČOV v Praze na Císařském ostrově""?",2010-09-07 00:00:00,2014,0.388,ANO,"Ad 1) 163     Ad 2) 607     Ad 3)17        Ad 4) 755 (20,8 %; 77,7 %;   2,2 %;  96,7 %)","Ad 1) 613    Ad 2) 168    Ad 3) 761    Ad 4) 25 (78,5 %; 21,5 %;   97,4 %;   3,2 %)",Ad 1) ANO Ad 2) ANO Ad 3) ANO Ad 4) ANO (504),,ANO,True,True,False,True,504,2010,True,Klecany,Praha-východ,Střední čechy,"Klecany, Praha-východ, Střední čechy, Česká republika",True
110.0,"Brno                           (Brno-město, JHM)","1. Souhlasíte s osamostatněním , tedy oddělením katastrálních území Dolní Heršpice a Přízřenice od statutárního města Brna a se vznikem samostatné obce Dolní Heršpice - Přízřenice?",2010-09-12 00:00:00,888,0.686,ANO,"353     (58,5 %)","249     (40,9 %)",Nepřijato3               (445),,ANO,True,True,False,True,445,2010,True,Brno,Brno-město,Jihomoravský kraj,"Brno, Brno-město, Jihomoravský kraj, Česká republika",True
111.0,"Bačalky                  (Jičín, HKK)","1. Chcete, aby na území obce Bačalky a části obce Lično a v přilehlém okolí stála elektrárna dle záměru ""Větrné elektrárny Bačalky"" z července 2009?",15. - 16. 10. 2010,137,0.686,ANO,"36       (38,3 %)","56       (59,6 %)",ANO         (35),,ANO,True,True,True,True,35,2010,True,Bačalky,Jičín,Královéhradecký kraj,"Bačalky, Jičín, Královéhradecký kraj, Česká republika",True
112.0,"Milovice          (Nymburk, STČ)","1. Souhlasíte s tím, aby zastupitelstvo města Milovice zachovalo současně platný územní plán v části města, a to v areálu Letiště Boží Dar, umožňující stavby pro bydlení, podnikání, sportovní a další aktivity?",15. - 16. 10. 2010,6281,0.2242,NE,1 197     (85 %),"181     (12,9 %)",NE ,,NE,True,False,False,True,0,2010,True,Milovice,Nymburk,Střední čechy,"Milovice, Nymburk, Střední čechy, Česká republika",True
113.0,"Losiná                     (Plzeň-město, PLK)","1. Souhlasím s tím, aby obec Losiná využila všech zákonných prostředků, aby zabránila záměru firmy Petr Březina-APB Plzeň výstavby ""Výroba betonových směsí APB Plzeň-Losiná""?",15. - 16. 10. 2010,875,0.526,ANO,"379     (82,4 %)","71       (15,4 %)",ANO       (219),,ANO,True,True,True,True,219,2010,True,Losiná,Plzeň-město,Plzeňský kraj,"Losiná, Plzeň-město, Plzeňský kraj, Česká republika",True
114.0,"Kobeřice                (Opava, MSK)","1. Souhlasíte s realizací stavby ""Obecní a komunitní centrum Kobeřice""?",15. - 16. 10. 2010,2639,0.448,ANO,"766     (64,6 %)",379        (32 %),ANO       (660),,ANO,True,True,True,True,660,2010,True,Kobeřice,Opava,Moravskoslezský kraj,"Kobeřice, Opava, Moravskoslezský kraj, Česká republika",True
115.0,"Lodín                     (Hradec Králové, HKK)","Souhlasíte s tím, aby byl schválen Návr na změnu uzemního plánu obce č. 3 pro rozšíření skládky odpadů spl. A.S.A Lodín a oddělení skládky od okolní krajiny?",2010-12-11 00:00:00,279,0.75,ANO,125        (60 %),"78       (37,3 %)",ANO         (70),,ANO,True,True,True,True,70,2010,True,Lodín,Hradec Králové,Královéhradecký kraj,"Lodín, Hradec Králové, Královéhradecký kraj, Česká republika",True
116.0,"Oldřišov                 (Opava, MSK)",Souhlasíte s prodejem pozemku Fa OPA REAL s.r.o. v zóně pro podnikání rušivé dle podnikatelského záměru předloženém na zasedání  zastupitelstva obce dne 23. 9. 2010?,2011-01-15 00:00:00,1076,0.456,ANO,"89       (18,1 %)","400     (81,5 %)",ANO       (269),,ANO,True,True,True,True,269,2011,True,Oldřišov,Opava,Moravskoslezský kraj,"Oldřišov, Opava, Moravskoslezský kraj, Česká republika",True
117.0,"Jabloňany           (Blansko, JHM)","Souhlasím s vybudováním stavby ""Skalice nad Svitavou,Jabloňany - kanalizace a čistírna odpadních vod""?",2011-02-19 00:00:00,314,0.65,ANO,"15          (7,4 %)",187        (92 %),ANO         (79),,ANO,True,True,True,True,79,2011,True,Jabloňany,Blansko,Jihomoravský kraj,"Jabloňany, Blansko, Jihomoravský kraj, Česká republika",True
118.0,"Drásov                      (Brno-venkov, JHM)",Souhlasíte s vybudováním okružní křižovatky (kruhový objezd) v centru městyse Drásov?,2011-04-29 00:00:00,1114,0.39,ANO,"124    (28,63 %)","313     (71,5 %)",ANO       (279),,ANO,True,True,True,True,279,2011,True,Drásov,Brno-venkov,Jihomoravský kraj,"Drásov, Brno-venkov, Jihomoravský kraj, Česká republika",True
119.0,"Bohuňovice (Olomouc, OLK)", Chcete vyjmout druhou dráhu letiště z územního plánu obce?,2011-05-13 00:00:00,2086,0.404,ANO,724        (86 %),"112     (13,3 %)",ANO        (521),,ANO,True,True,True,True,521,2011,True,Bohuňovice,Olomouc,Olomoucký kraj,"Bohuňovice, Olomouc, Olomoucký kraj, Česká republika",True
120.0,"Pozořice                     (Brno-venkov, JHM)",Souhlasíte s výstavbou a provozováním bioplynové stanice v katastrálním území Pozořice?,2011-05-20 00:00:00,1734,0.621,ANO,"13          (1,2 %)","1 061  (98,5 %)",ANO       (434),,ANO,True,True,True,True,434,2011,True,Pozořice,Brno-venkov,Jihomoravský kraj,"Pozořice, Brno-venkov, Jihomoravský kraj, Česká republika",True
121.0,"Dolní Bojanovice (Hodonín, JHM)","Souhlasím, aby Obec Dolní Bojanovice koupila areál bývalého zemědělského družstva.",2011-10-14 00:00:00,2365,0.168,NE,195        (49 %),"193     (48,5 %)",NE,,NE,True,False,False,True,0,2011,True,Dolní Bojanovice,Hodonín,Jihomoravský kraj,"Dolní Bojanovice, Hodonín, Jihomoravský kraj, Česká republika",True
122.0,"Maršov               (Brno-venkov, JHM)","1) Souhlasíte s umístěním, výstavbou a provozováním Bioplynové stanice v obci Maršov, k.ú. Maršov u Veverské Bítýšky?                                                                                                       2) Má se obec Maršov zasadit veškerými zákonnými prostředky o zabránění výstavbě a provozování Bioplynové stanice v Obci Maršov, katastrálním území Maršov u Veverské Bítýšky?",2011-10-15 00:00:00,397,0.725,ANO,"Ad 1) 7         Ad 2) 275 (2,4 %; 95,5 %)","Ad 1) 274    Ad 2) 7 (95,1 %; 2,4 %)   ",Ad 1) ANO Ad 2) ANO (100),,ANO,True,True,False,True,100,2011,True,Maršov,Brno-venkov,Jihomoravský kraj,"Maršov, Brno-venkov, Jihomoravský kraj, Česká republika",True
123.0,"Úhonice                       (Praha-západ, STČ)","1) Souhlasíte se zastavěním lokality ""Pod Kostelem"" na p.č. 115/3 v k.ú. Úhonice?                                                                            2) Souhlasíte s rozšířením zastavitelných území v onci Úhonice",2011-11-12 00:00:00,803,0.435,ANO,"Ad 1) 39         Ad 2) 46 (11,2 %; 13,2%)","Ad 1) 306    Ad 2) 298 (87,7 %; 85,4%)   ",Ad 1) ANO Ad 2) ANO (201),,ANO,True,True,False,True,201,2011,True,Úhonice,Praha-západ,Střední čechy,"Úhonice, Praha-západ, Střední čechy, Česká republika",True
124.0,"Libkova Voda (Pelhřimov, VYS)",Souhlasíte se stavbou bioplynové stanice v obci a katastrálním území Libkova Voda?,2011-11-12 00:00:00,187,0.872,ANO,52           (32 %),"111     (68,1 %)",ANO         (47),,ANO,True,True,True,True,47,2011,True,Libkova Voda,Pelhřimov,Kraj Vysočina,"Libkova Voda, Pelhřimov, Kraj Vysočina, Česká republika",True
125.0,"Újezd u Černé Hory         (Blansko, JHM) ","1) Souhlasíte s tím, aby zastupitelstvo obce Újezd u Černé Hory realizovalo výstavbu nového obecního úřadu?                                                                                             2) Požadujete, aby zastupitelstvo obce Újezd u Černé Hory namísto plánovaného obecního úřadu vybudovalo mateřskou školku s pozdější možnou transformací na obecní úřad a ihned provedlo všechny nezbytné kroky k jejímu zprovoznění ve školním roce 2012/2013?",2011-11-26 00:00:00,207,0.705,ANO,"Ad 1) 64         Ad 2) 70 (43,8 %; 47,9%)","Ad 1) 77           Ad 2) 51 (54,7 %; 34,9%)   ",Ad 1) NE    Ad 2) ANO (52),,ANO,True,True,False,True,52,2011,True,Újezd u Černé Hory,Blansko,Jihomoravský kraj,"Újezd u Černé Hory, Blansko, Jihomoravský kraj, Česká republika",True
126.0,"Jablonec nad Nisou      (Jablonec nad Nisou, LBK) ",Chcete oddělení místní části Kokonín od Jablonce nad Nisou a vznik samostatné obce Kokonín?,2012-02-19 00:00:00,1491,0.241,NE,32              (8%)     ,"354     (88,9 %)",NE3           (746),,NE,True,False,False,True,746,2012,True,Jablonec nad Nisou,Jablonec nad Nisou,Liberecký kraj,"Jablonec nad Nisou, Jablonec nad Nisou, Liberecký kraj, Česká republika",True
127.0,"Píšť                            (Opava, MSK)","Chcete, aby v obci Píšť byla vybudována tlaková kanalizace?",2012-03-03 00:00:00,1767,0.631,ANO,"537     (48,3 %)",557              (50 %),ANO (442),,ANO,True,True,True,True,442,2012,True,Píšť,Opava,Moravskoslezský kraj,"Píšť, Opava, Moravskoslezský kraj, Česká republika",True
128.0,"Břežany II         (Kolín, SČ)",1. Jste pro vybudování výsypek JZ a JV u lesíku Bělka? 2. Jste pro povolení těžby u lesíku Bělka?,2012-03-10 00:00:00,497,0.406,ANO,"Ad 1) 71    (35,1 %) Ad 2) 67 (33,2 %)","Ad 1) 129 (63,9 %) Ad 2) 134 (66,3 %)",Ad 1 a 2) ANO (125),,ANO,True,True,False,True,125,2012,True,Břežany II,Kolín,Střední čechy,"Břežany II, Kolín, Střední čechy, Česká republika",True
129.0,"Valaššské Meziříčí        (Vsetín, ZLK)",1. Souhlasíte s oddělením místní části Poličná od měst Valašské Meziříčí a vznikem samostatné obce Poličná? 2. Souhlasíte s oddělením místní části Krhová od měst Valašské Meziříčí a vznikem samostatné obce Krhová?,2012-04-21 00:00:00,Ad 1)     1419 (část Poličná)     Ad 2)     1617 (část Krhová),"1. 71,5%   2.        70% ",1. ANO       2. ANO,"Ad 1) 798 (78,6 %) Ad 2) 992 (87,7 %)","Ad 1) 210 (20,7 %) Ad 2) 129 (11,4)",Ad 1) ANO3 (710)           Ad 2) ANO3 (809),,1. ANO       2. ANO,True,False,False,True,710,2012,True,Valaššské Meziříčí,Vsetín,Zlínský kraj,"Valaššské Meziříčí, Vsetín, Zlínský kraj, Česká republika",True
130.0,"Police            (Vsetín, ZLK)",Souhlasíte s vybudováním zařízení pro nakládání s odpady nebo jakkoliv jinak nazvaného zařízení podobného chrakteru v katastru obce Police?,2012-05-05 00:00:00,461,0.813,ANO,"141          (37,6 %)","226 (60,3%)",ANO       (116),,ANO,True,True,True,True,116,2012,True,Police,Vsetín,Zlínský kraj,"Police, Vsetín, Zlínský kraj, Česká republika",True
131.0,"Výprachtice          (Ústí nad Orlicí, PAK)","Souhlasíte s výstavbou větrných elektráren na k.ú. Výprachtic, Koburku a Valteřic?",2012-05-19 00:00:00,751,0.543,ANO,"144     (35,3 %)","258          (63,2 %)",ANO       (188),,ANO,True,True,True,True,188,2012,True,Výprachtice,Ústí nad Orlicí,Pardubický kraj,"Výprachtice, Ústí nad Orlicí, Pardubický kraj, Česká republika",True
132.0,"Moravany         (Brno-venkov, JHM)","Souhlasíte s tím, aby zastupitelstvo obce Moravany v rámci procesu územního plánování prosazovalo všemi právními prostředky rozvoj území podle ""Varianty A"" popsané v ""Územní studii možností dlouhodobého rozvoje obce Moravany u Brna"" ze září 2011, jejímž zhotovitelem je ""Ateliér ERA, sdružení architektů Fixel & Pech?",2012-05-25 00:00:00,1617,0.492,ANO,"714    (89,8 %)","71         (8,9 %)",ANO       (405),,ANO,True,True,True,True,405,2012,True,Moravany,Brno-venkov,Jihomoravský kraj,"Moravany, Brno-venkov, Jihomoravský kraj, Česká republika",True
133.0,"Butoves             (Jičín, HKK)","1. Souhlasíte s výstavbou spaškové kanalizace a ČOV v obci Butoves? 2. Souhlasíte s tím, aby zastupitelstvo obce Butoves bezodkladně podniklo veškeré kroky k zastavení výstavby spkaškové kanalizace a ČOV v obci Butoves?",2012-05-26 00:00:00,179,0.676,ANO,"Ad 1) 85 (70,2 %) Ad 2) 38 (31,4 %)","Ad 1) 36 (29,8 %) Ad 2)  82 (67,8 %)",ANO         (45),,ANO,True,True,True,True,45,2012,True,Butoves,Jičín,Královéhradecký kraj,"Butoves, Jičín, Královéhradecký kraj, Česká republika",True
134.0,"Dýšina                     (Plzeň-město, PLK)","1. Souhlasíte s vydáním změny územního plánu obce Dýšina č. 2, jejíž součástí je doplnění regulativu ""území byldení-rodinné domy"", kterým bude omezena výstavba objektů pro bydlení a rekreaci, zařízení maloobcjodu a veřejného stravování v zóně havarijního plánování plnírny propan butanu společnosti Flaga s.r.o.? 2. Souhlasíte s tím, aby obec Dýšina při výkonu  své samostatné působnosti využila všech zákonných prostředků, aby omezilanebo zabránila činnosti plnírny propan butanu splečnosti Flaga s.r.o.?",2012-06-01 00:00:00,1324,0.495,ANO,"Ad 1) 49 (7,5 %)  Ad 2) 625 (95,4 %)","Ad 1) 588 (89,8 %) Ad 2) 20 (3,1 %)",ANO       (331),,ANO,True,True,True,True,331,2012,True,Dýšina,Plzeň-město,Plzeňský kraj,"Dýšina, Plzeň-město, Plzeňský kraj, Česká republika",True
135.0,"Suché Lazce                   (mč Opava, MSK)",Souhlasíte s vybudováním Jižního obchvatu městské části Opava - Komárov?,2012-06-23 00:00:00,844,0.482,ANO,"10         (2,5 %)","387           (95,1 %)",ANO       (211),,ANO,True,True,True,True,211,2012,True,Suché Lazce,mč Opava,Moravskoslezský kraj,"Suché Lazce, mč Opava, Moravskoslezský kraj, Česká republika",True
136.0,"Lubenec                  (Louny, ULK)","Má zastupitelstvo a starosta obce Lubenec při výkonu samostatné působnosti využít všech zákonných prostředků, aby zabránili provedení geologického průzkumu předcházejícího vybudování hlubinného úložiště vyhořelého jaderného paliva a vysoce radioaktivních odpadů na území obce Lubenec?",2012-06-29 00:00:00,1212,0.534,ANO,517        (80 %),"111        (17,2 %)",ANO       (303),,ANO,True,True,True,True,303,2012,True,Lubenec,Louny,Ústecký kraj,"Lubenec, Louny, Ústecký kraj, Česká republika",True
137.0,"Větřkovice              (Opava, MSK)",Souhlasíte s výstavbou bioplynové stanice v areálu ZOD Slezsá Dubina Větřkovice?,2012-06-30 00:00:00,624,0.495,ANO,"227          (73,5 %) ","78       (25,2 %)",ANO       (156),,ANO,True,True,True,True,156,2012,True,Větřkovice,Opava,Moravskoslezský kraj,"Větřkovice, Opava, Moravskoslezský kraj, Česká republika",True
138.0,"Chvalovice              (Znojmo, JHM)","Souhlasíte s tím, aby zastupitelstvo Obce Chvalovice  neprodlěně zakázalo a nepovolovalo v katastru obce výstavbu větrných elektráren a současně zrušilo, nebo vypovědělo doposud všechny uzavřené smlouvy s firmou Viventy česká s.r.o. , IČ: 26918013, se sídlem V Brně, Olomoucká 3419/7?                  Zrušeno KS v Brně (Ars 4/2012-47)",2012-06-30 00:00:00,393,0.448,ANO,"107           (60,8 %)","63       (35,8 %)",ANO         (99)  Zrušeno KS  v Brně ,,ANO,True,True,False,True,99,2012,True,Chvalovice,Znojmo,Jihomoravský kraj,"Chvalovice, Znojmo, Jihomoravský kraj, Česká republika",True
139.0,"Toužim                 (Karlovy Vary, KVK)",Souhlasíte s výstavbou Sociálního centra v Toužimi?,2012-09-07 00:00:00,3091,0.392,ANO,"89         (7,3 %)","1 113 (91,8 %)",ANO       (773),,ANO,True,True,True,True,773,2012,True,Toužim,Karlovy Vary,Karlovarský kraj,"Toužim, Karlovy Vary, Karlovarský kraj, Česká republika",True
140.0,"Kolinec                (Klatovy, PLK)","Souhlasíte s tím, aby zastupitelstvo městyse Kolinec jako účastník všech řízení týkajících se stavby a umístění bioplynové stanice dalo souhlasé stanovisko ve věci výstavby a provozování bioplynové stanice v katastrálním území Kolinec, v objektu ZOD Klinec?",2012-09-08 00:00:00,663,0.496,ANO,"40       (12,2 %)","286     (86,9 %)",ANO       (166),,ANO,True,True,True,True,166,2012,True,Kolinec,Klatovy,Plzeňský kraj,"Kolinec, Klatovy, Plzeňský kraj, Česká republika",True
141.0,"Uherské Hradiště (Uherské Hradiště, ZLK)","Má dojít k oddělení části obce (města) Uherské Hradiště nazvané Jarošov, jenž je vymezena  katastrálním územím Jarošov u Uherského Hradiště, od obce (města) Uherské Hradiště?",2012-09-22 00:00:00,1907,0.565,ANO,"445     (41,3 %)","611          (56,7 %)",NE3         (956),,ANO,True,True,False,True,956,2012,True,Uherské Hradiště,Uherské Hradiště,Zlínský kraj,"Uherské Hradiště, Uherské Hradiště, Zlínský kraj, Česká republika",True
142.0,"Otovice                (Náchod, KHK)", Souhlasíte se stavbou bioplynové stanice na stavební parcele č. 92 a 93 v katastrálním území Otovice u Broumova?,12. - 13. 10. 2012,307,0.456,ANO,"53       (37,9 %)","85       (60,7 %)",ANO         (77),,ANO,True,True,True,True,77,2012,True,Otovice,Náchod,Královéhradecký kraj,"Otovice, Náchod, Královéhradecký kraj, Česká republika",True
143.0,"Dívčice                   (České Budějovice, JHČ)",Souhlasíte s vyškrtnutím silničního obchvatu a průmyslové zóny ze schváleného územního plánu Dívčice?,12. - 13. 10. 2012,451,0.639,ANO,"124     (43,1 %)","163     (56,6 %)",ANO       (113),,ANO,True,True,True,True,113,2012,True,Dívčice,České Budějovice,Jihočeský kraj,"Dívčice, České Budějovice, Jihočeský kraj, Česká republika",True
144.0,"Jíloviště                 (Praha-západ, STČ)","Požadujete, aby orgány obce Jíloviště učinily v samostatné působnsti veškeré možné kroky k tomu, aby bylo zabráněno jakékoiv výstavbě na všech dosud netsavebních pozemcích v lokalitě Na Močidlech (a to zejména na východ, jihovýchod a jih od ulice Na Močidlech na pozemcích KN p.č. 307/21, p.č. 327,  p.č. 332/1,  p.č. 342, p.č. 352/1,  p.č. 352/3,  p.č. 357/5 a na pozemcích  p.č. 281/1,  p.č. 290,  p.č. 291,  p.č. 296,  p.č. 316/1,  p.č.  316/2, p.č. 328, p.č. 333, p.č. 345 vedených ve zjednodušené evidenci, vše k.ú. Jíloviště), a zejména, aby zastupitelstvo obce Jíloviště neschválilo návrh nového územního plánu v podobě, jež umožní jakoukoliv výstavvbu na těchto nestavbních pozemcích v likalitě Na Močidlech",12.-13. 10. 2012,518,0.751,ANO,"287          (73,8 %)","91       (23,4 %)",ANO        (130),,ANO,True,True,True,True,130,2012,True,Jíloviště,Praha-západ,Střední čechy,"Jíloviště, Praha-západ, Střední čechy, Česká republika",True
148.0,"Mysločovice            (Zlín, ZLK)",Má zastupitelstvo obce Myslčovice vyslovit v územním a stavebním řízení souhlasné stanovisko k záměru výstavby bioplynové stanice v Myslčovicích?,2013-02-11 00:00:00,494,0.526,ANO,"24    (9,2%)","235 (90,4%)",ANO,,ANO,True,True,False,True,0,2013,True,Mysločovice,Zlín,Zlínský kraj,"Mysločovice, Zlín, Zlínský kraj, Česká republika",True
149.0,"Bukov                         (Žďár nad Sázavou, VYS)","Souhlasíte s tím, aby obec Bukov spolipracovala s Česko republikou - Správou úložišť radioaktivních odpadů (SÚRAO) v procesu výběru lokality pro umístění hlubinného úložiště radioaktivních odpadů?",11.-12.1.2013,149,0.879,ANO,"56       (42,7 %)","68       (51,9 %)",ANO         (38),,ANO,True,True,True,True,38,2013,True,Bukov,Žďár nad Sázavou,Kraj Vysočina,"Bukov, Žďár nad Sázavou, Kraj Vysočina, Česká republika",True
150.0,"Písek                       (Písek, JHČ)",Jste propřemístění plaveckého stadionu (akvaparku) v Písku ze stávající lokality pod historickými městskými hradbami na jiné místo a po dobu výstavny nového zachování provozu v plaveckém stadionu stávajícím? ,11.-12.1.2013,24175,0.445,ANO,9 471      (88 %),"1 042    (9,7 %)",ANO             (6 044),,ANO,True,True,False,True,0,2013,True,Písek,Písek,Jihočeský kraj,"Písek, Písek, Jihočeský kraj, Česká republika",True
151.0,"Březová - Oleško (Praha-západ, STČ)","Souhlasíte s tím, aby v rámci schvalování nového územního plánu vznikaly v navrhovaných lokalitách     (č. 1 až č. 5) nové zastavitelné plochy?",11.-12.1.2013,705,0.613,ANO,"154         (35,6 %)","251     (58,1 %)",ANO       (177),,ANO,True,True,True,True,177,2013,True,Březová - Oleško,Praha-západ,Střední čechy,"Březová - Oleško, Praha-západ, Střední čechy, Česká republika",True
152.0,"Plzeň                        (Plzeň, PLK)","Souhlasíte s tím, aby město Plzeň bezodkladně podniklo veškeré kroky v samostatné působnosti, aby nemohlo dojít k výstavbě obchodního zařízení na místě Domu kultury Inwest?",11. - 12. 1.  2013,132929,0.415,ANO,"35543 (64,4%)",18744 (34%),ANO   (33233),,ANO,True,True,True,True,33233,2013,True,Plzeň,Plzeň,Plzeňský kraj,"Plzeň, Plzeň, Plzeňský kraj, Česká republika",True
153.0,"Zábřeh              (Šumperk, OLK)","Souhlasíte s tím, aby město Zábřeh prodalo svoje pozemky za účelem vybudování energetického zdroje a papírny podle záměru firmy WANEMI CZ a.s.?",11.-12.1.2013,11533,0.596,ANO,"1 542 (22,4 %)","5 241 (76,2 %)",ANO             (2 884),,ANO,True,True,False,True,0,2013,True,Zábřeh,Šumperk,Olomoucký kraj,"Zábřeh, Šumperk, Olomoucký kraj, Česká republika",True
154.0,"Kobeřice                (Opava, MSK)",Má obec Kobeřice prodat rozestavěnou budovu na parc. č. 343/3 a pozemky parc. č. 343/2 a 343/3 v k.ú. Kobeřice ve Slezsku za účelem výstavby supermarketu za cenu minimálně 6 miliónů korun?,2013-01-12 00:00:00,2661,0.589,ANO,"615           (39,2 %)","925          (59,1 %)",ANO       (665),,ANO,True,True,True,True,665,2013,True,Kobeřice,Opava,Moravskoslezský kraj,"Kobeřice, Opava, Moravskoslezský kraj, Česká republika",True
155.0,"Nelahozeves (Mělník, STČ)",Souhlasíte s rozšířením skládky komunálního odpadu na katastrální území obce Nelahozeves?,2013-02-15 00:00:00,1376,0.5029,ANO,"465 (67,2%)","227 (32,8%)",ANO       (344),,ANO,True,True,True,True,344,2013,True,Nelahozeves,Mělník,Střední čechy,"Nelahozeves, Mělník, Střední čechy, Česká republika",True
156.0,"Hýsly                   (Hodonín, JHM)",Chci bioplynnovou elektrárnu v katastrálním území obce Hýsly?,2013-02-23 00:00:00,321,0.664,ANO,66               (31 %),"142         (66,7 %)",ANO         (81),,ANO,True,True,True,True,81,2013,True,Hýsly,Hodonín,Jihomoravský kraj,"Hýsly, Hodonín, Jihomoravský kraj, Česká republika",True
157.0,"Dolní Tošenovice (Frýdek - Místek, MSK) ",1. Souhlasíte se zachováním výuky v Základní škole Dolní Tošanovice?,2013-03-15 00:00:00,264,0.273,NE,"37 (51,4%)","33 (45,8%)",NE             (66),,NE,True,False,False,True,66,2013,True,Dolní Tošenovice,Frýdek - Místek,Moravskoslezský kraj,"Dolní Tošenovice, Frýdek - Místek, Moravskoslezský kraj, Česká republika",True
157.0,"Dolní Tošenovice (Frýdek - Místek, MSK) ",2. Souhlasíte se sloučením obcí Dolní Tošanovice a Horní Tošanovice?,2013-03-15 00:00:00,264,0.273,NE,"23 (31,9%)","46 (63,9%)",NE             (66),,NE,True,False,False,True,66,2013,True,Dolní Tošenovice,Frýdek - Místek,Moravskoslezský kraj,"Dolní Tošenovice, Frýdek - Místek, Moravskoslezský kraj, Česká republika",True
158.0,"Brušperk                 (Frýdek - Místek, MSK)","Jste pro, aby město Brušperk postavilo krytý plavecký bazén?",2013-03-16 00:00:00,3213,0.489,ANO,"963 (61,3%)","595 (37,9%)",ANO        (804),,ANO,True,True,True,True,804,2013,True,Brušperk,Frýdek - Místek,Moravskoslezský kraj,"Brušperk, Frýdek - Místek, Moravskoslezský kraj, Česká republika",True
159.0,"Semily                        (Semily, LBK)",Jste pro vybudování geotermální elektrárny s přidruženou výrobou tepla v katastrélním území města Semily?,2013-03-22 00:00:00,7068,0.289,NE,"364   (17,8%)","1 666 (81,6%)",NE         (1767),,NE,True,False,False,True,1767,2013,True,Semily,Semily,Liberecký kraj,"Semily, Semily, Liberecký kraj, Česká republika",True
160.0,"Jablonné nad Orlicí                  (Ústí nad Orlicí, PAK)","Souhlasítes tím, aby byl prodán pozemek pd stávajícím autobusovým nádraží, který je ve vlastnictví Města Jablonné nad Orlicí a na něm postavena provozovna firmy Penny Market s.r.o, Praha 6?",2013-03-22 00:00:00,2370,0.564,ANO,"618 (46,2%)","689 (51,5%)",ANO       (593),,ANO,True,True,True,True,593,2013,True,Jablonné nad Orlicí,Ústí nad Orlicí,Pardubický kraj,"Jablonné nad Orlicí, Ústí nad Orlicí, Pardubický kraj, Česká republika",True
161.0,"Vítkov                    (Opava, MSK)","1. Souhlasíte s tím, aby Město Vítkov převzalo od stávajícího zřizovatele Moravskoslezského kraje zřizovatelské funkce ke Gymnáziu, Vítkov, Komenského 145, p.o., a to ke dni 17.7.2013 a současně aby Gymnázium, Vítkov sloučilo se se Základní školou Vitkov, Komenského 754, okres Opava, p.o.?                                            ",2013-03-22 00:00:00,4927,0.226,NE,435   (39%),"643 (57,8%)",NE         (1232),,NE,True,False,False,True,1232,2013,True,Vítkov,Opava,Moravskoslezský kraj,"Vítkov, Opava, Moravskoslezský kraj, Česká republika",True
161.0,"Vítkov                    (Opava, MSK)","2. Souhlasíte s tím, aby Město Vítkov sloučilo své základní školy, Základní školu Vítkov, Opavská 22, okres Opava, p.o., a Základní školu Vítkov, Komenského 754, okres Opava, p.o. do jednoho subjektu?",2013-03-22 00:00:00,4927,0.226,NE,"344 (30,9%)","717 (64,4%)",NE         (1232),,NE,True,False,False,True,1232,2013,True,Vítkov,Opava,Moravskoslezský kraj,"Vítkov, Opava, Moravskoslezský kraj, Česká republika",True
162.0,"Pavlov                     (Kladno, STČ)","Požadujete, aby orgány obce Pavlov zachovaly v obecním parku petanquové hřiště?                 (vyhlášené na základě usnesení KS v Praze)",2013-03-23 00:00:00,102,0.274,NE,28         (100%),0,NE             (36),,NE,True,False,False,True,36,2013,True,Pavlov,Kladno,Střední čechy,"Pavlov, Kladno, Střední čechy, Česká republika",True
163.0,"Mníšek pod Brdy (Černošice, STČ)",1. Souhlasíte s přeměnou stávajícího překladiště komunálních odpadů v areálu UVR na mechanickou třídírnu a biologickou úpravnu těchto odpadů?,2013-05-17 00:00:00,3953,0.319,NE,162 (12.8%),1073 (85%),NE           (989),,NE,True,False,False,True,989,2013,True,Mníšek pod Brdy,Černošice,Střední čechy,"Mníšek pod Brdy, Černošice, Střední čechy, Česká republika",True
163.0,"Mníšek pod Brdy (Černošice, STČ)","2. Souhlasíte s tím, aby na území města Mníšek pod Brdy mohlo být realizováno zařízení, které umožní spalování odpadů?",2013-05-17 00:00:00,3953,0.319,NE,"27    (2,1%)","1201 (95,2%)",NE           (989),,NE,True,False,False,True,989,2013,True,Mníšek pod Brdy,Černošice,Střední čechy,"Mníšek pod Brdy, Černošice, Střední čechy, Česká republika",True
164.0,"Pardubice (Pardubice, PAR)",Souhlasíte s členěním statutárního města Pardubice na městské obvody?,2013-06-13 00:00:00,71313,0.209,NE,"8980 (60,2%)","5802 (38,9%)",NE       (17829),,NE,True,False,False,True,17829,2013,True,Pardubice,Pardubice,Pardubický kraj,"Pardubice, Pardubice, Pardubický kraj, Česká republika",True
165.0,"Oldříš                        (Polička, PAR)","Souhlasíte, aby v letech 2014-2015 byla vybudována v obci Oldřiši tlaková kanalizace z dotací Evropské unie a Státního fonu životního prostředí?",2013-09-06 00:00:00,517,0.582,ANO,"116 (38,5%)","185 (61,5%)",ANO        (130),,ANO,True,True,True,True,130,2013,True,Oldříš,Polička,Pardubický kraj,"Oldříš, Polička, Pardubický kraj, Česká republika",True
166.0,"Boskovice (Boskovice, JMK) ","Požadujete, aby orgány města Boskovice učinily v samostatné působnosti rozhodnutí k tomu, aby nebyla zahájena stavba sportovní haly na ulici Slovákova v Boskovicích?",2013-09-20 00:00:00,9362,0.223,NE,"1386 (66,4%)",669   (32%),NE        (2341),,NE,True,False,False,True,2341,2013,True,Boskovice,Boskovice,Jihomoravský kraj,"Boskovice, Boskovice, Jihomoravský kraj, Česká republika",True
167.0,"Kozmice              (Benešov, SDK)","Souhlasíte s tím, aby ve správním území obce Kozmice došlo k výstavbě objektu větrné elektrárny?",2013-09-21 00:00:00,226,0.434,ANO,"20        (20,4%)","77  (78,6%)",ANO          (57),,ANO,True,True,True,True,57,2013,True,Kozmice,Benešov,Střední čechy,"Kozmice, Benešov, Střední čechy, Česká republika",True
168.0,"Liberec                   (Liberec, LBK)","1. Chcete, aby Statutární město Liberec prodalo, zastavilo nebo pronajalo na déle než jeden rok soubor pozemků Letiště Liberec či jeho jednotlivé části uvedené v usnesení zastupitelstva města č. 246/2012?",2013-10-14 00:00:00,80501,0.169,NE,"459      (3,4%)","12986 (95,5%)",NE      (20126),,NE,True,False,False,True,20126,2013,True,Liberec,Liberec,Liberecký kraj,"Liberec, Liberec, Liberecký kraj, Česká republika",True
168.0,"Liberec                   (Liberec, LBK)","2. Chcete, aby orgány Statutárního města Liberce prodaly nebo zastavily obchodí podíl v městské společnosti Technické služby města Liberce, a. s. a v dalších společnostech s majetkovou účastí města?",2013-10-14 00:00:00,80501,0.169,NE,"323      (2,4%)","13109 (96,4%)",NE      (20126),,NE,True,False,False,True,20126,2013,True,Liberec,Liberec,Liberecký kraj,"Liberec, Liberec, Liberecký kraj, Česká republika",True
168.0,"Liberec                   (Liberec, LBK)","3. Chcete, aby orgány Statutárního města Liberce prodaly, zastavily nebo pornajaly na déle než jeden rok městské pozemky a nemovitosti uvedené v seznamech ""Pozemky vyřazené z privatizačního procesu"" a ""Nemovitosti vyřazené z privatizačního procesu"" dle stavu ke dni 1. 2. 2013, které byly schváleny zastupitelstvem města?",2013-10-14 00:00:00,80501,0.169,NE,"347       (2,5%)",13054 (96%),NE      (20126),,NE,True,False,False,True,20126,2013,True,Liberec,Liberec,Liberecký kraj,"Liberec, Liberec, Liberecký kraj, Česká republika",True
169.0,"Kopřivnice (Kopřivnice, MSK)","Souhlasíte s tím, aby se část obce - Lubina oddělením od města Kopřivnice stala samostatnou obcí?",2013-10-19 00:00:00,1349,0.604,ANO,"213 (26,1%)",579        (71%),NE            (337),,ANO,True,True,False,True,337,2013,True,Kopřivnice,Kopřivnice,Moravskoslezský kraj,"Kopřivnice, Kopřivnice, Moravskoslezský kraj, Česká republika",True
170.0,"Horní Újezd (Litomyšl, PAR)","Souhlasíte s tím, aby obec Horní Újezd přistoupila k přestavbě budovy bývalé základní školy čp. 164 v naší obci na bytový dům?",25. - 26. 10. 2013,326,0.666,ANO,"161 (74,2%)","43  (19,8%)",ANO          (82),,ANO,True,True,True,True,82,2013,True,Horní Újezd,Litomyšl,Pardubický kraj,"Horní Újezd, Litomyšl, Pardubický kraj, Česká republika",True
171.0,"Tlustice                (Hořovice, SDK)","Souhlasíte s výstavbou provozovny krematoria pro zvířata ze zájmového chovu na katastrálním území Tlustice, p. č. 353/4?",25. - 26. 10. 2013,731,0.709,ANO,"41    (7,9%)",456       (88%),ANO        (183),,ANO,True,True,True,True,183,2013,True,Tlustice,Hořovice,Střední čechy,"Tlustice, Hořovice, Střední čechy, Česká republika",True
172.0,"Teplá                  (Mariánské Lázně, KVK)","Souhlasíte s tím, aby bylo vybudováno a následně provozováno Centrum služeb sociální prevence v Teplé?",25. - 26. 10. 2013,2405,0.465,ANO,90               (8%),1006 (90%),ANO        (602),,ANO,True,True,True,True,602,2013,True,Teplá,Mariánské Lázně,Karlovarský kraj,"Teplá, Mariánské Lázně, Karlovarský kraj, Česká republika",True
173.0,"Dvůr Králové nad Labem                          (Dvůr Králové nad Labem, HKK)","1. Souhlasíte s tím, aby provozování výherních hracích přístrojů a interaktivních videoloterijních terminálů vymezených zákonem o loteriích a jiných podobných hrách na území města Dvůr Králové nad Labem bylo zcela zakázáno?",25. - 26. 10. 2013,13243,0.544,ANO,"5812 (80,7%)","1131 (15,7%)",ANO     (3311),,ANO,True,True,True,True,3311,2013,True,Dvůr Králové nad Labem,Dvůr Králové nad Labem,Královéhradecký kraj,"Dvůr Králové nad Labem, Dvůr Králové nad Labem, Královéhradecký kraj, Česká republika",True
173.0,"Dvůr Králové nad Labem                          (Dvůr Králové nad Labem, HKK)","2. Souhlasíte s tím, aby vodovodní a kanalizační síť města Dvůr Králové nad Labem zůstala v majetku města Dvůr Králové nad Labem a byla nadále provozována výhradně se 100% majetkovým podílem města Dvůr Králové nad Labem?",25. - 26. 10. 2013,13243,0.544,ANO,"6807 (94,5%)","203  (2,8%)",ANO     (3311),,ANO,True,True,True,True,3311,2013,True,Dvůr Králové nad Labem,Dvůr Králové nad Labem,Královéhradecký kraj,"Dvůr Králové nad Labem, Dvůr Králové nad Labem, Královéhradecký kraj, Česká republika",True
174.0,"Hýskov                (Beroun, STČ)",Souhlasíte s výstavbou zvířecího krematoria v katastrálním území obce Hýskov?,25. - 26. 10. 2013,1245,0.658,ANO,"761 (92,2%)","42    (5,1%)",ANO        (312),,ANO,True,True,True,True,312,2013,True,Hýskov,Beroun,Střední čechy,"Hýskov, Beroun, Střední čechy, Česká republika",True
175.0,"Hnojník                  (Třinec, MSK)","Souhlasíte s tím, aby zastupitelstvo obce schválilo koupi areálu Hotelu Park, tj. budovu v Hnojníku, čp. 48, zemědělskou stavbu a přilehlé pozemky o celkové výměře 2 985 m2 za kupní cenu 6 000 000 Kč?",2013-11-30 00:00:00,1253,0.429,ANO,"421 (78,3%)",113   (21%),ANO        (314),,ANO,True,True,True,True,314,2013,True,Hnojník,Třinec,Moravskoslezský kraj,"Hnojník, Třinec, Moravskoslezský kraj, Česká republika",True
176.0,"Trstěnice                (Litomyšl, PAR)","Souhlasím, aby byla vybudovaná v obci Trstěnice tlaková kanalizace?",2014-01-11 00:00:00,404,0.698,ANO,"78          (27,7%)","201 (71,3%)",ANO        (101),,ANO,True,True,True,True,101,2014,True,Trstěnice,Litomyšl,Pardubický kraj,"Trstěnice, Litomyšl, Pardubický kraj, Česká republika",True
176.0,"Borová                     (Polička, PAR)","Chcete, aby v letech 2014 - 2015 byla v obci Borová vybudována gravitační kanalizace z dotací EU a Státního fondu životního prostředí?",2014-01-11 00:00:00,795,0.603,ANO,"467 (97,5%)","10    (2,1%)",ANO        (199),,ANO,True,True,True,True,199,2014,True,Borová,Polička,Pardubický kraj,"Borová, Polička, Pardubický kraj, Česká republika",True
177.0,"Arnolec                   (Jihlava, VYS)",1. Souhlasíte s výstavbou hřbitova na území obce Arnolec?,2014-01-18 00:00:00,126,0.714,ANO,"23         (25,6%)","67  (74,5%)",ANO          (32),,ANO,True,True,True,True,32,2014,True,Arnolec,Jihlava,Kraj Vysočina,"Arnolec, Jihlava, Kraj Vysočina, Česká republika",True
177.0,"Arnolec                   (Jihlava, VYS)","2. Má obec Arnolec při výkonu své působnosti využít všech zákonných prostředků, aby stavbě tohoto hřbitova na svém území zabránila?",2014-01-18 00:00:00,126,0.714,ANO,"68  (75,6%)","21  (23,3%)",ANO          (32),,ANO,True,True,True,True,32,2014,True,Arnolec,Jihlava,Kraj Vysočina,"Arnolec, Jihlava, Kraj Vysočina, Česká republika",True
178.0,"Zliv                                     (České Budějovice, JHK)","Souhlasíte, aby město Zliv v rámci samostatné působnosti obce realizovalo projekt ""Sběrný dvůr Zliv"" ve Zlivi, Dolní náměstí, p. č. 3416?",2014-01-24 00:00:00,3009,0.454,ANO,"184 (13,5%)","1153 (84,5%)",ANO        (753),,ANO,True,True,True,True,753,2014,True,Zliv,České Budějovice,Jihočeský kraj,"Zliv, České Budějovice, Jihočeský kraj, Česká republika",True
179.0,"Kurdějov              (Břeclav, JHM) ","Jste proti plánované výstavbě rodinných domků 
     v obci Kurdějov na místní lokalitě Záhumenice?",2014-02-26 00:00:00,345,0.42,ANO,"23  (15,8%)","121 (82,9%)",ANO         (87),,ANO,True,True,True,True,87,2014,True,Kurdějov,Břeclav,Jihomoravský kraj,"Kurdějov, Břeclav, Jihomoravský kraj, Česká republika",True
180.0,"Neurazy              (Nepomuk, PLK)","Souhlasím s tím, aby obec Neurazy vybudovala víceúčelovou budovu pro zábavu a sport spojenou s Martinskou hospodou č. p. 20 v Neurazech na pozemcích p. č. 57/1, 2091, 2090, 137/2 a 137/1?",2014-03-01 00:00:00,664,0.536,ANO,"212 (59,5%)",135    (38%),ANO       (166),,ANO,True,True,True,True,166,2014,True,Neurazy,Nepomuk,Plzeňský kraj,"Neurazy, Nepomuk, Plzeňský kraj, Česká republika",True
181.0,"Střížovice                  (Plzeň, PLK)","Má obec Střížovice provést veškeré úkony pro pořízení územního plánu obce tak, aby obsahoval vymezení pozemků pro výstavbu větrných elektráren?",2014-03-01 00:00:00,317,0.827,ANO,119   (45%),136   (51%),ANO         (79),,ANO,True,True,True,True,79,2014,True,Střížovice,Plzeň,Plzeňský kraj,"Střížovice, Plzeň, Plzeňský kraj, Česká republika",True
183.0,"Dvory nad Lužnicí (Jindřichův Hradec, JHČ)","1. Požadujete, aby orgány obce Dvory nad Lužnicí učinily v samostatné působnosti veškeré možné kroky k tomu, aby
zabránily provozování loterií a jiných podobných her, zejména výherních hracích přístrojů, interaktivních videoloterijních
terminálů a dalších přístrojů podobných výherním hracím přístrojům na území obce?",2014-03-22 00:00:00,270,0.73,ANO,"137 (69,5%)","54  (27,4%)",ANO         (68),,ANO,True,True,True,True,68,2014,True,Dvory nad Lužnicí,Jindřichův Hradec,Jihočeský kraj,"Dvory nad Lužnicí, Jindřichův Hradec, Jihočeský kraj, Česká republika",True
183.0,"Dvory nad Lužnicí (Jindřichův Hradec, JHČ)","2. Požadujete, aby orgány obce Dvory nad Lužnicí učinily v samostatné působnosti veškeré možné kroky k tomu, aby
zabránily nabízení, sjednávání, provozování a využívání sexuálních služeb na všech veřejných prostranství?",2014-03-22 00:00:00,270,0.73,ANO,"150 (76,1%)","39   (19,8%)",ANO         (68),,ANO,True,True,True,True,68,2014,True,Dvory nad Lužnicí,Jindřichův Hradec,Jihočeský kraj,"Dvory nad Lužnicí, Jindřichův Hradec, Jihočeský kraj, Česká republika",True
184.0,"Svojetice                  (Říčany, STČ)"," Souhlasíte s tím, aby zastupitelstvo obce Svojetice schválilo návrh změny územního plánu, podle které by vznikaly nové zastavitelné plochy pro vybudování nových komunikací ( dvě vedle sebe procházející okružní cesty vedoucí také současnou zástavbou rodinných domů) včetně kruhového objezdu u hřbitova na křižovatce silnic z Tehovce a ze Srbína?",2014-04-11 00:00:00,657,0.35,ANO,"27   (11,7%)","198 (86,1%)",ANO       (164),,ANO,True,True,True,True,164,2014,True,Svojetice,Říčany,Střední čechy,"Svojetice, Říčany, Střední čechy, Česká republika",True
185.0,"Praha 8                   (Praha, PHA)","Souhlasíte, aby městská část Praha 8, z důvodu zlepšení míry ochrany veřejného pořádku, učinila veškeré právní kroky vedoucí k zákazu provozování loterií a sázkových her, zejména výherních hracích přístrojů a interaktivních videoloterijních terminálů a jiných obdobných přístrojů uvedených v ust. § 2 písm. e), g), i), j), l), m) a n) a ust. § 50, odst. 3, zákona České národní rady č. 202/1990 Sb.,                o loteriích a jiných podobných hrách, ve znění pozdějších předpisů, a to na celém jejím území ?“ ",2014-04-12 00:00:00,79312,13.8%,NE,"10483 (95,7%)","295   (2,7%)",NE       (19828),,NE,True,False,False,True,19828,2014,True,Praha 8,Praha,Hlavní město Praha,"Praha 8, Praha, Hlavní město Praha, Česká republika",True
186.0,"Kozomín                (Mělník, STČ)","1. Souhlasíte s tím, aby obec Kozomín schválilo změnu územního plánu v lokalitě Z12 (bývalý zemedělský areál), která by umožnila zvýšit platné limitní parametry (instalovaný výkon, objem vstupní suroviny, hluk, emise)?",2014-04-26 00:00:00,321,0.576,ANO,"66  (35,7%)","103    (55,7%)",ANO         (81),,ANO,True,True,True,True,81,2014,True,Kozomín,Mělník,Střední čechy,"Kozomín, Mělník, Střední čechy, Česká republika",True
186.0,"Kozomín                (Mělník, STČ)","2. Souhlasíte s tím, aby zastupitelstvo obce Kozomín schválilo změnu územního plánu katastru obce Kozomín, která by umožnila stavbu papírny?",2014-04-26 00:00:00,321,0.576,ANO,"66  (35,7%)","104 (56,2%)",ANO         (81),,ANO,True,True,True,True,81,2014,True,Kozomín,Mělník,Střední čechy,"Kozomín, Mělník, Střední čechy, Česká republika",True
187.0,"Praha 7                     (Praha, PHA)","1. Souhlasíte s tím, aby orgány Městské části Praha 7 činily v rámci samostatné působnosti městské části úkony pro to, aby na území MČ Praha 7 došlo k redukci na maximálně 20 provozoven provozujících loterie a sázkové hry uvedené v § 2 písm. e), g), i), j), l), m) a n) a § 50 odst. 3 zákona o loteriích a jiných podobných hrách, tj. zejména výherních hracích přístrojů a interaktivních videoloterijních terminálů, lokálních i centrálních loterijních systémů a jiných obdobných přístrojů na celém území MČ  Praha  7?          ",23. - 24. 5. 2014,30524,0.252,NE,"3330 (43,3%)","1885 (24,5%)",NE        (7631),,NE,True,False,False,True,7631,2014,True,Praha 7,Praha,Hlavní město Praha,"Praha 7, Praha, Hlavní město Praha, Česká republika",True
187.0,"Praha 7                     (Praha, PHA)"," 2. Souhlasíte s tím, aby Městská část Praha 7 vyzvala Zastupitelstvo hlavního města Prahy             k vyhlášení nulové tolerance provozování loterií         a sázkových her uvedených v § 2 písm. e), g), i), j), l), m) a n) a § 50 odst. 3 zákona o loteriích a jiných podobných hrách, tj. zejména výherních hracích přístrojů a interaktivních videoloterijních terminálů, lokálních i centrálních loterijních systémů a jiných obdobných přístrojů na celém území MČ Praha 7? ",23. - 24. 5. 2014,30524,0.252,NE,"6666 (86,7%)","582  (7,6%)",NE        (7631),,NE,True,False,False,True,7631,2014,True,Praha 7,Praha,Hlavní město Praha,"Praha 7, Praha, Hlavní město Praha, Česká republika",True
188.0,"Velká Chuchle (Praha, PHA)","Souhlasíte s tím, aby MČ Praha - Velká Chuchle podporovala svými rozhodnutími další projektovou přípravu a realizaci varianty E Tunel mimoúrovňového křížení ulice Starochuchelská        s tratí ČD, která byla schválena zastupiteltvem MČ dne 24. 2. 2014? ",23. - 24. 5. 2014,1687,0.322,NE,"417 (76,1%)","107 (19,5%)",NE          (422),,NE,True,False,False,True,422,2014,True,Velká Chuchle,Praha,Hlavní město Praha,"Velká Chuchle, Praha, Hlavní město Praha, Česká republika",True
189.0,"Vodňany (Strakonice, JHČ)","Souhlasíte s výstavbou dřevozpracujícího závodu      v územním obvodu Vodňan, v lokalitě vzdálené 1,1 km východně od obchvatu města ve směru po silnici na Radomilice, kde dle údajů investora vznikne cca 500 pracovních míst?",23. - 24. 5.  2014,5380,0.328,NE,"599 (33,9%)","1122 (63,6%)",NE        (1883),,NE,True,False,False,True,1883,2014,True,Vodňany,Strakonice,Jihočeský kraj,"Vodňany, Strakonice, Jihočeský kraj, Česká republika",True
190.0,"Šebetov               (Blansko, OLK)",Souhlasíte s realizací stavby Středisko energetického využívání a recyklace surovin Šebetov (RSŠ) v obci Šebetov?,23. - 24. 5.  2014,732,0.496,ANO,"143 (39,4%)","216 (59,5%)",ANO       (183),,ANO,True,True,True,True,183,2014,True,Šebetov,Blansko,Olomoucký kraj,"Šebetov, Blansko, Olomoucký kraj, Česká republika",True
191.0,"Velenov              (Blansko, OLK)","Souhlasíte, aby obec Velenov uskutečnila svůj záměr výstavby rozhledny na katastrálním území obce Velenov?",23. - 24. 5.  2014,169,0.876,ANO,"88  (59,5%)","60  (40,5%)",ANO         (43),,ANO,True,True,True,True,43,2014,True,Velenov,Blansko,Olomoucký kraj,"Velenov, Blansko, Olomoucký kraj, Česká republika",True
192.0,"Velká Bystřice (Olomouc, OLK)","Souhlasíte, aby Město Velká Bystřice trvale přemístilo v průběhu školního roku 2014/2015 provoz předškolního vzdělávání z Mateřské školy Na Svobodě 450 ve Velké Bystřici do budovy Mateřské školy Zámecké náměstí 83 ve Velké Bystřici?",23. - 24. 5.  2014,2521,0.304,NE,"330 (44,3%)","414 (55,6%)",NE          (631),,NE,True,False,False,True,631,2014,True,Velká Bystřice,Olomouc,Olomoucký kraj,"Velká Bystřice, Olomouc, Olomoucký kraj, Česká republika",True
193.0,"Hrobčice                (Teplice, ULK)","Souhlasím, aby obec Hrobčice koupila do svého vlastnictví areál bývalého azylového zařízení Červený Újezd - Měrunice č.p. 135, za maximální kupní cenu 15 000 000 Kč?",23. - 24. 5. 2014,828,0.241,NE,"153 (76,9%)","37  (18,6%)",NE          (207),,NE,True,False,False,True,207,2014,True,Hrobčice,Teplice,Ústecký kraj,"Hrobčice, Teplice, Ústecký kraj, Česká republika",True
194.0,Městská část Praha 8                     (Praha),"Požadujete, aby Městská část Praha 8 učinila veškeré kroky vedoucí k zákazu provozování loterií a sázkových her, zejména výherních hracích přístrojů a interaktivních videoloterijních terminálů a jiných obdobných přístrojů uvedených v ust. § 2 písm. W),g),i),j),l),m) a n) a ust. § 50 odst. 3 zákona o loteriích a jiných podobných hrách, a to na celém svém území?",10. - 11. 10 2014,78800,0.2286,NE,"17048 (94,7%)","763        (4,2%)",NE      (19700),,NE,True,False,False,True,19700,2014,True,Městská část Praha 8,Praha,Hlavní město Praha,"Městská část Praha 8, Praha, Hlavní město Praha, Česká republika",True
195.0,"Holešov                     (Kroměříž, ZLK) ","Požadujete, aby město Holešov zakázalo provozování loterií a sázkových her uvedených v §2 písm. e),g),i),j),l),m),n) a §50 odst. 3zákona o leteriích ajiných podonbých hrách, tj, zejména výhernícj hrascích přístrojů a interaktivních videoloterijních terminálů, lokálních i centrálních loterijních systémů a jiných obdobných přístrojů na celém svém území včetně místních částí, Dobrotice, Količín, Tučapy a Žopy?""",6.9. 2014               8 - 22 hod.,9688,0.0634,NE,"554 (90,23%)"," 42      (9,77 %)",NE         (2422)       ,,NE,True,False,False,True,2422,2014,True,Holešov,Kroměříž,Zlínský kraj,"Holešov, Kroměříž, Zlínský kraj, Česká republika",True
196.0,"Vendolí               (Svitavy, PAK)","Souhlasíte, aby byla zahájena výstavba tlakové kanalizace a aby zastupitelé učinili kroky k její realizaci?",19.7. 2014          7 - 22 hod.,784,0.65,ANO,308      (63%),181      (37%),ANO          (273)        ,,ANO,True,True,False,True,273,2014,True,Vendolí,Svitavy,Pardubický kraj,"Vendolí, Svitavy, Pardubický kraj, Česká republika",True
197.0,"Praha 3                   (Praha)
","1. „Souhlasíte s tím, aby městská část Praha 3 podnikla veškeré kroky v samostatné působnosti k tomu, aby lokalita Parukářka, určená částmi pozemků č. parc. 1780/35, 1780/41, 1780/79, 1780/1, 4211/2, 4223/1, 1780/17, 4202, 4226, 4224/15, 1782/2, 1782/3, 4218, 4224/11, 4219, 4223/11, 4229/7, 4229/8, 4223/22, 4223/25, 4229/1, 4229/2, 4229/9, 4229/10, 4223/21, 1780/31,4223/2, 1746/1, 1780/32, 4229/11, 4229/12, 4223/24, 4223/26, 4223/27, 4223/28, 4223/29, 4223/30, vše v k. ú. Žižkov, vymezenými v platném územním plánu jako plochy ZP nebo SO3,7, byla využívána pouze jako parky, zahrady, sady, zeleň, pobytové louky, dětská hřiště, nekrytá sportovní zařízení bez vybavenosti, cyklistické stezky, pěší komunikace, drobné vodní plochy, zahradní restaurace, dětské tábory a skautské základny?“
2. „Souhlasíte s tím, aby městská část Praha 3 podnikla veškeré kroky v samostatné působnosti k tomu, aby pozemek parc. Č. 1780/28 v k. ú. Žižkov byl využit jako zeleň?“
",10. - 11. 10 2014,53157,0.2453,NE,"1. 12675 (97,2%)   2. 12430 (95,3%)","1. 157 (1,2%)     2. 213 (1,6 %)",NE      (13290),,NE,True,False,False,True,13290,2014,True,Praha 3,Praha,Hlavní město Praha,"Praha 3, Praha, Hlavní město Praha, Česká republika",True
198.0,"Štětí                   (Litoměřice, ULK)","Souhlasíte s tím, aby město Štětí zakázalo provozování loterií a sázkových her
uvedených v §2 písm. e), g), i), j), l), m), a n) a § 50, odst. 3, zák. o loteriích a jiných
podobných hrách, tj., zejména výherních hracích přístrojů a interaktivních videoloterijních
terminálů, lokálních i centrálních loterijních systémů a jiných obdobných přístrojů na celém
svém území, a to s právní účinností nejpozději do 31.12.2015 ?",10. - 11. 10 2014,7134,0.1911,NE,"1187 (87,86 %)","157 (11,62 %)",NE        (1784),,NE,True,False,False,True,1784,2014,True,Štětí,Litoměřice,Ústecký kraj,"Štětí, Litoměřice, Ústecký kraj, Česká republika",True
199.0,"Mikulov                  (Břeclav, JMK)","Souhlasíte s tím, aby Zastupitelstvo města Mikulov schválilo využití objektu bývalé hasičské zbrojnice v Mikulově (budova – stavba občanského vybavení č.p. 807 na pozemku parcelní číslo 1603 v katastrálním území Mikulov na Moravě) jako tržnici?",10. - 11. 10 2014,6115,0.193,NE,901 (76%),255 (22%),NE      (1529),,NE,True,False,False,True,1529,2014,True,Mikulov,Břeclav,Jihomoravský kraj,"Mikulov, Břeclav, Jihomoravský kraj, Česká republika",True
200.0,"Jenišov            (Karlovy Vary,KVK)",Souhlasíte s těžbou kaolinu v K. Ú. Jenišov?,10. - 11. 10 2014,625,0.453,ANO,"24         (8,48 %)","256         (90,46 %)",ANO       (157),,ANO,True,True,True,True,157,2014,True,Jenišov,Karlovy Vary,Karlovarský kraj,"Jenišov, Karlovy Vary, Karlovarský kraj, Česká republika",True
201.0,"Bystřice nad Pernštejnem                 (Žďár nad Sázavou, VYS)","Chcete v Bystřici nad Pernštejnem závod na výrobu jaderného paliva, likvidaci_x000D_
radioaktivních odpadů a slévárnu uranových slitin?",10. - 11. 10 2014,6951,0.521,ANO,"683        (18,84 %)","2903 (80,08 %)",ANO     (1738),,ANO,True,True,True,True,1738,2014,True,Bystřice nad Pernštejnem,Žďár nad Sázavou,Kraj Vysočina,"Bystřice nad Pernštejnem, Žďár nad Sázavou, Kraj Vysočina, Česká republika",True
203.0,"Blansko              (Blansko, JHM)"," Souhlasíte s tím, aby Město Blansko provedlo na své náklady odstranění stavby hotelu
Dukla na náměstí Republiky v Blansku a následně vhodnou formou zajistilo revitalizaci
takto vzniklého prostranství?",10. - 11. 10 2014,16751,0.4227,ANO,"5319 (75,1%)","1673 (23,6%)",ANO     (4188),,ANO,True,True,True,True,4188,2014,True,Blansko,Blansko,Jihomoravský kraj,"Blansko, Blansko, Jihomoravský kraj, Česká republika",True
204.0,"Pasohlávky                 (Brno - venkov, JHM)","1. Souhlasíte s tím, aby obec Pasohlávky zcela zakázala na svém území provozování výherních hracích přístrojů, interaktivních videoloterijních terminálů a jiných podobných her?  ","10. - 11. 10 2014
",611,0.6399,ANO,"334  (85,42 %)","38          (9,72 %)",ANO       (153),,ANO,True,True,True,True,153,2014,True,Pasohlávky,Brno - venkov,Jihomoravský kraj,"Pasohlávky, Brno - venkov, Jihomoravský kraj, Česká republika",True
204.0,"Pasohlávky                 (Brno - venkov, JHM)","2. Souhlasíte s tím, aby se v obci omezila v neděli a ve státem uznávaných svátcích rušivá činnost (sekání trávy, řezání dřeva atd.)?","10. - 11. 10 2014
",611,0.6399,ANO,"207          (52,94 %)","166      (42,46 %)",ANO       (153),,ANO,True,True,True,True,153,2014,True,Pasohlávky,Brno - venkov,Jihomoravský kraj,"Pasohlávky, Brno - venkov, Jihomoravský kraj, Česká republika",True
205.0,"Olomouc               (Olomouc, OLK)","Souhlasíte s tím, aby  Statutární město Olomouc učinilo veškeré kroky vedoucí k zákazu provozování loterií a sázkových her
uvedených v §2 písm. e), g), i), j), l), m), a n) a § 50, odst. 3, zák. o loteriích a jiných
podobných hrách, ta to na celém
svém území?",12. 12. 2014,81494,0.082,NE,"6389 (95,5%)","247  (3,7%)",NE      (20374),,NE,True,False,False,True,20374,2014,True,Olomouc,Olomouc,Olomoucký kraj,"Olomouc, Olomouc, Olomoucký kraj, Česká republika",True
206.0,"Vojkovice                    (Mělník, STK) ","Souhlasíte , aby do územního plánu obce Vojkovice nebyla zanesena oblast pro novou těžbu štěrkopísku?","15. 11. 2014       8:00 - 12,00",584,0.223,NE,"113 (86,9%)","15  (11,5%)",NE          (146),,NE,True,False,False,True,146,2014,True,Vojkovice,Mělník,Střední čechy,"Vojkovice, Mělník, Střední čechy, Česká republika",True
207.0,"Náchod                 (Náchod, KHK)","1. Souhlasíte s tím, aby Město Náchod v areálu bývalé Tepny (st.
p. č. 2190/1, 338/1, 2188, 1974/1, 2187 a 403/4 v katastrálním území Náchod)
odkoupilo všechny pozemky, a to maximálně za cenu v místě a čase obvyklou s tím, že
tuto cenu stanoví nezávislý certifikovaný odhadce, na kterém se shodne prodávající i
kupující strana.",22.11.2014 08:00 - 20:00,16488,0.1367,NE,"1957 (86,78%)","226 (10,02%)",NE        (4122),,NE,True,False,False,True,4122,2014,True,Náchod,Náchod,Královéhradecký kraj,"Náchod, Náchod, Královéhradecký kraj, Česká republika",True
207.0,"Náchod                 (Náchod, KHK)","2. Souhlasíte s tím, aby Město Náchod
v areálu bývalé Tepny (st. p. č. 2190/1, 338/1, 2188, 1974/1, 2187 a 403/4
v katastrálním území Náchod) trvalo v územním řízení na dodržení stávajícího
územního plánu a jeho Souhrnné průvodní zprávy, zejména na smíšeném rázu území
a blokové zástavbě s tradičním systémem ulic.
",22.11.2014 08:00 - 20:00,16488,0.1367,NE,"1916 (84,97%)","225 (9,98%)",NE        (4122),,NE,True,False,False,True,4122,2014,True,Náchod,Náchod,Královéhradecký kraj,"Náchod, Náchod, Královéhradecký kraj, Česká republika",True
208.0,"Ústí nad Labem          (Ústí nad Labem, ÚSK)","Souhlasíte s tím, aby statutární město Ústí nad Labem zakázalo provozování loterií a sázkových her uvedených v § 2 písm. e), g), i), j), l), m) a n) a § 50 odst. 3 zákona o loteriích a jiných podobných hrách, to jest, zejména výherních hracích přístrojů a interaktivních videoloterijních terminálů, lokálních i centrálních loterijních systémů a jiných podobných přístrojů, na celém svém území?",10. - 11. 10 2014,74933,0.1791,NE,"12395 (92,3 %)","913      (6,8 %)",NE      (18734),,NE,True,False,False,True,18734,2014,True,Ústí nad Labem,Ústí nad Labem,Ústecký kraj,"Ústí nad Labem, Ústí nad Labem, Ústecký kraj, Česká republika",True
209.0,"Obec Chotilsko              (Příbram, STK)","Souhlasíte s tím, aby obec Chotilsko podnikala veškeré úkony v samostatné působnosti k tomu, aby zabránila jakýmkoli činnostem, směřujícím k těžbě zlata na území obce Chotilsko",10. - 11. 10 2014,365,0.6712,ANO,"242  (98,78 %)","2             (0,82 %)",ANO         (92),,ANO,True,True,True,True,92,2014,True,Obec Chotilsko,Příbram,Střední čechy,"Obec Chotilsko, Příbram, Střední čechy, Česká republika",True
210.0,"Ústí nad Orlicí              (Ústí nad Orlicí, PAK)","Souhlasíte s tím, aby zastupitelstvo mesta v rámci své samostatné pusobnosti zakázalo
provozování sázkových her podle § 2 písm. e), g), i), l), m) a n) zákona c. 202/1990 Sb.,
o loteriích a jiných podobných hrách, ve znení pozdejších predpisu (dále jen ""zákon
o loteriích"") a loterií a jiných podobných her podle § 2 písm. j) a § 50 odst. 3 zákona
o loteriích, tj. zejména výherních hracích prístroju a interaktivních videoloterijních terminálu,
lokálních i centrálních loterijních systému a jiných podobných prístroju (dále jen ""výherní
hrací zarízení"") na území mesta Ústí nad Orlicí vcetne mestských cástí Hylváty, Kerhartice,
Knapovec, Dolní a Horní Houžovec, Cernovír, Oldrichovice?",10. - 11. 10 2014,11630,0.3443,NE,"3470 (86,66%)","464 (11,59%)",NE        (2908),,NE,True,False,False,True,2908,2014,True,Ústí nad Orlicí,Ústí nad Orlicí,Pardubický kraj,"Ústí nad Orlicí, Ústí nad Orlicí, Pardubický kraj, Česká republika",True
211.0,"Znojmo           (Znojmo, JMK)","Souhlasíte s tím, aby město Znojmo zakázalo provozování loterií a sázkových her uvedených v § 2 písm. e), g), i), j), l), m), a n) a § 50 odst. 3, zákona o loteriích a jiných podobných hrách, to jest, zejména výherních hracích přístrojů a interaktivních videoloterijních terminálů, lokálních i centrálních loterijních systémů a jiných obdobných přístrojů, na celém svém území?",2014-10-25 00:00:00,27637,0.1123,NE,"2962 (95,42%)","109 (3,51%)",NE           (6910),,NE,True,False,False,True,6910,2014,True,Znojmo,Znojmo,Jihomoravský kraj,"Znojmo, Znojmo, Jihomoravský kraj, Česká republika",True
212.0,"Město Brušperk              (Frýdek-Místek, MSK)","Souhlasíte s tím, aby město Brušperk zachovalo v provozu restauraci v Národním domě v Brušperku?",2014-11-01 00:00:00,3230,41.18%,ANO,"1306 (98,2%)","13          (0,98%)",ANO       (808),,ANO,True,True,True,True,808,2014,True,Město Brušperk,Frýdek-Místek,Moravskoslezský kraj,"Město Brušperk, Frýdek-Místek, Moravskoslezský kraj, Česká republika",True
213.0,"Žlutice                  (Karlovy Vary, KVK)","1. Souhlasíte s tím, aby jakékoli případné budoucí rozhodnutí příslušného orgánu města Žlutice o vložení do základního kapitálu společnosti, prodeji, směně nebo darování nemovitostí městské teplárny, tj. zejména pozemku st. 708 v k. ú. Žlutice a na něm stojících staveb a souvisejících páteřních teplovodních rozvodů, podléhalo předchozímu schválení místním referendem?",10. - 11. 10. 2014,2085,0.23309352517985613,NE,423         (87%),63          (13%),NE              (522),,NE,True,False,False,True,522,2014,True,Žlutice,Karlovy Vary,Karlovarský kraj,"Žlutice, Karlovy Vary, Karlovarský kraj, Česká republika",True
213.0,"Žlutice                  (Karlovy Vary, KVK)","2. Souhlasíte s tím, aby jakékoli případné budoucí rozhodnutí příslušného orgánu města Žlutice o pronájmu nebo výpůjčce nemovitostí městské teplárny, tj. zejména pozemku st. 708 v k. ú. Žlutice a na něm stojících staveb a souvisejících páteřních teplovodních rozvodů, jinému subjektu než příspěvkové organizaci zřízené městem Žlutice nebo obchodní společnosti, v níž má město Žlutice stoprocentní majetkovou účast, podléhalo předchozímu schválení místním referendem?",10. - 11. 10. 2014,2085,0.22829736211031176,NE,"411 (86,3%)","65       (13,7%)",NE              (522),,NE,True,False,False,True,522,2014,True,Žlutice,Karlovy Vary,Karlovarský kraj,"Žlutice, Karlovy Vary, Karlovarský kraj, Česká republika",True
214.0,"Vranov                       (Brno-venkov, JMK)","1. Souhlasíte s tím, aby obec Vranov v samostatné působnosti prosazovala všemi zákonnými prostředky pouze takový rozvoj území obce, který nepovede k navýšení počtu obyvatel obce nad celkový počet 1000 obyvatel?",10. - 11. 10. 2014,599,0.3673,ANO,"179 (81,36%)","37 (16,81%)",ANO       (150),,ANO,True,True,True,True,150,2014,True,Vranov,Brno-venkov,Jihomoravský kraj,"Vranov, Brno-venkov, Jihomoravský kraj, Česká republika",True
214.0,"Vranov                       (Brno-venkov, JMK)"," 2. Souhlasíte s tím, aby obec Vranov podnikla bezodkladně všechny kroky v samostatné působnosti, včetně rozhodování o podobě územního plánu obce, k tomu aby nemohlo dojít k zastavění lokality Nad rybníkem (pard. Č 33, 301, 315/2, 316/1, 316/5, vše k.ú. Vranov u Brna) a Nad motokrosem II (parc. č. 263/3, 263/6, 263/7, 263/9, 263/11, 263/12, 263/13, 161/4, 416/1, vše k.ú. Vranov u Brna)?",10. - 11. 10. 2014,599,0.3673,ANO,176           (80%),"38            (17,2 %)",ANO       (150),,ANO,True,True,True,True,150,2014,True,Vranov,Brno-venkov,Jihomoravský kraj,"Vranov, Brno-venkov, Jihomoravský kraj, Česká republika",True
215.0,"Lovosice                        (Litoměřice, ÚSK)"," Souhlasíte s tím, aby město Lovosice zakázalo provozování loterií a sázkových her uvedených v § 2 písm. e), g), i), j), l), m) a n) a § 50 odst. 3 zákona o loteriích a jiných podobných hrách, tj. zejména výherních hracích přístrojů a interaktivních videoloterijních terminálů, lokálních i centrálních loterijních systémů a jiných obdobných přístrojů na celém svém území, a to s právní účinností nejpozději do 31. 12. 2015?",10. - 11. 10. 2014,7186,0.2839,NE,1775            (87 %),"230     (11,3%)",NE        (1797),,NE,True,False,False,True,1797,2014,True,Lovosice,Litoměřice,Ústecký kraj,"Lovosice, Litoměřice, Ústecký kraj, Česká republika",True
216.0,"Zlín                                 (Zlín, ZLK)","Souhlasíte s tím, aby statutární město Zlín zakázalo provozování loterií a sázkových her uvedených v §2 písm. e), g), i), j), l), m) a n) a 50, odst. 3 zákona o loteriích a jiných podobných hrách, tj., zejména výherních hracích přístrojů a interaktivních videoloterijních terminálů, lokálních i centrálních loterijních systémů a jiných obdobných přístrojů, na celém svém území?",2015-01-23 08:00:00,62401,0.1173,NE,"6992 (95,56%)","267 (11,2%)",NE          (15601),,NE,True,False,False,True,15601,2015,True,Zlín,Zlín,Zlínský kraj,"Zlín, Zlín, Zlínský kraj, Česká republika",True
217.0,"Brno                       (Brno, JMK)","1. Souhlasíte s tím, aby město Brno podniklo bezodkladně všechny kroky v samostatné působnosti k modernizaci železniční stanice „Brno - hlavní nádraží"" v dosavadní poloze podél ulice Nádražní?",7. - 8. 10. 2016,306981,0.2383,NE,"59211     (80,94%)","9597     (13,12%)",NE       (76746),,NE,True,False,False,True,76746,2016,True,Brno,Brno,Jihomoravský kraj,"Brno, Brno, Jihomoravský kraj, Česká republika",True
217.0,"Brno                       (Brno, JMK)","2. Souhlasíte s tím, aby město Brno podniklo bezodkladně všechny kroky v samostatné působnosti s cílem prosadit, aby se nejlepší řešení modernizace železniční stanice „Brno - hlavní nádraží"" určilo prostřednictvím soustavy otevřených návrhových soutěží?",7. - 8. 10. 2016,306981,0.2383,NE,"49663    (69,78%)","11675      (15,96%)",NE       (76746),,NE,True,False,False,True,76746,2016,True,Brno,Brno,Jihomoravský kraj,"Brno, Brno, Jihomoravský kraj, Česká republika",True
218.0,"Krásný dvůr                        (Louny, ÚSK)",Chcete těžbu bentonitu eventuálně dalších nerostných surovin v katastrálním území Krásný dvůr?,2015-02-07 00:00:00,589,0.324,NE,neoznámeno,,NE          (148),,NE,True,False,False,True,148,2015,True,Krásný dvůr,Louny,Ústecký kraj,"Krásný dvůr, Louny, Ústecký kraj, Česká republika",True
219.0,"Černolice           (Praha - západ, STK)","Chcete: aby způsob využití pozemků p.č. 304, 283/1, 283/2, 283/3, 283/4, 283/5, 283/6, 283/7, 283/8, 283/9, 283/10, 283/11, 283/12, 283/13, k.ú. Černolice (známé též jako lokalita „V Prokopávce“) byl v územním plánu obce Černolice ponechán ve stávajícím způsobu využití těchto pozemků dle aktuálních údajů v katastru nemovitostí ke dni vyhlášení referenda, tedy neurčené pro bydlení či jinou výstavbu, dále aby způsob využití pozemků p.č. 261/1, 261/40, 261/41 a 261/49, k.ú. Černolice (známé též jako lokalita „Pod Chvalovským“) byl v územním plánu obce Černolice ponechán ve stávajícím způsobu využití těchto pozemků dle aktuálních údajů v katastru nemovitostí ke dni vyhlášení referenda, tedy neurčené pro bydlení či jinou výstavbu, s výjimkou části pozemku p.č. 261/49 v rozsahu maximálně 5300 m2 souběžně s pozemkem p.č.260/2 dle vyznačeného orientačního plánku (tučně ohraničená část), kde chcete, aby byla možná změna způsobu využití na bydlení v rodinných domech dále aby způsob využití pozemků p.č. 100/32, 100/37, 100/39, k.ú. Černolice (známé též jako lokalita „Ve Slatinách“) byl v územním plánu obce Černolice ponechán ve stávajícím způsobu využití těchto pozemků dle aktuálních údajů v katastru nemovitostí ke dni vyhlášení referenda, tedy neurčené pro bydlení či jinou výstavbu, s výjimkou části pozemku p.č. 100/37 v rozsahu maximálně 4000 m2 ze strany navazující na pozemek p.č. 100/44 a 100/28 dle vyznačeného orientačního plánku (tučně ohraničená část), kde chcete, aby byla možná změna způsobu využití na bydlení v rodinných domech.",24.5.2015      12:00 - 22: 00,303,0.452,ANO,"119         (89,89%)","15      (10,95%)",ANO            (76),,ANO,True,True,True,True,76,2015,True,Černolice,Praha - západ,Střední čechy,"Černolice, Praha - západ, Střední čechy, Česká republika",True
220.0,Škvorec               (Praha - výchd),"Souhlasíte s tím, aby městys Škvorec vstoupil do projektu svazkové školy Povýmolí?",29.6 2015   10:00 - 22:00,1135,0.538,ANO,"23          (3,76%)","578  (94,6%)",ANO      (284),,ANO,True,True,True,True,284,2015,True,Škvorec,Praha - výchd),Hlavní město Praha,"Škvorec, Praha - výchd), Hlavní město Praha, Česká republika",True
221.0,"Křešín            (Příbram, STK)","Souhlasím s tím, aby obec Křešín prodala ze svého vlastnictví pozemky parc. Číslo č. parc. 102, 164/1, 198, 199/2, 199/3, 199/4, 199/5,199/6, 199/11, 199/14, 199/15, 199/16, 199/17, 199/18, 199/20 a 203, vše v kat. území a obci Křešín?",12.9.2015     09:00 - 14:00,74,0.763,ANO,"9    (12,16%)","63   (85,14%)",ANO             (25),,ANO,True,True,True,True,25,2015,True,Křešín,Příbram,Střední čechy,"Křešín, Příbram, Střední čechy, Česká republika",True
222.0,"Podolí                (Brno - venkov, JHM)","Souhlasíte s tím, aby v katastrálním území obce Podolí v oblasti Průmyslové zóny u Slatiny vzniklo a bylo provozováno Kasino?",23. 10. 2015        8:00 - 22:00,1100,0.6836,ANO,"235   (21,36%)","509   (46,27%)",ANO      (275),,ANO,True,True,True,True,275,2015,True,Podolí,Brno - venkov,Jihomoravský kraj,"Podolí, Brno - venkov, Jihomoravský kraj, Česká republika",True
223.0,"Miroslav          (Znojmo, JMK)","Souhlasíte, aby město Miroslav, z důvodu zlepšení míry ochrany veřejného pořádku, učinilo veškeré právní kroky vedoucí k zákazu provozování loterií a sázkových her, zejména výherních hracích přístrojů a interaktivních  videoloterijních terminálů a jiných obdobných přístrojů uvedených v ust. § 2 písm. e), g), i), j), l), m) a n) a ust. § 50 odst. 3 zákona České národní rady č. 202/1990 Sb., o loteriích a jiných podobných hrách, ve znění pozdějších předpisů, a to na celém jeho území?",2015-11-07 00:00:00,2398,0.137,NE,"287     (87,23%)","31     (9,42)",NE          (600),,NE,True,False,False,True,600,2015,True,Miroslav,Znojmo,Jihomoravský kraj,"Miroslav, Znojmo, Jihomoravský kraj, Česká republika",True
224.0,"Přestavlky u Čerčan      (Benešov, STK)","Souhlasíte s tím, aby zastupitelstvo obce schválilo v návrhu nového územního plánu realizaci záměru rodinné ekofarmy v lokalitě Dubsko, která je dle odborníků i dotčených orgánů navržena s ohledem na všechna zákonná kritéria ochrany krajinného rázu?",13. 11. 2015        16:00 - 20:00,281,0.4911,ANO,"39      (28,26%)","98      (71,01%)",ANO            (71),,ANO,True,True,True,True,71,2015,True,Přestavlky u Čerčan,Benešov,Střední čechy,"Přestavlky u Čerčan, Benešov, Střední čechy, Česká republika",True
225.0,"Šebrov-Kateřina (Blansko, JHM)","Souhlasíte s tím, aby Obec Šebrov - Kateřina provedla na své náklady realizaci stavby umožňující pořádání sportovních, kulturních a společenských akcí dle záměru vyvěšeného na úřední desce dne 15.10.2015?",27. 11. 2015    14:00 - 22:00,594,0.537,ANO,"230     (72,1%)","80     (25,08%)",ANO      (149),,ANO,True,True,True,True,149,2015,True,Šebrov-Kateřina,Blansko,Jihomoravský kraj,"Šebrov-Kateřina, Blansko, Jihomoravský kraj, Česká republika",True
226.0,"Karlík                 (Praha-západ, STČ)","Požadujete, aby v k. ú. Karlík nevznikaly nové zastavitelné plochy jiné než pro ochranu přírody a krajiny, pro veřejnou dopravní a technickou infrastrukturu, pro snižování nebezpečí ekologických a přírodních katastrof a pro odstraňování jejich důsledků, pro vodní hospodářství a pro zlepšení podmínek pro účely rekreace a cestovního ruchu, například cyklistické stezky či hygienická zařízení?",2016-03-12 00:00:00,366,0.626,ANO,"130           (56,77 %)","98              (42,79%)",ANO         (92),,ANO,True,True,True,True,92,2016,True,Karlík,Praha-západ,Střední čechy,"Karlík, Praha-západ, Střední čechy, Česká republika",True
227.0,"Rychnov na Moravě      (Svitavy, PK)","Souhlasím s tím, aby obec Rychnov na Moravě realizovala výstavbu tlakové kanalizace v obci?",20.2.2016           9:00 - 21:00,489,0.626,ANO,"226      (73,86%)","79        (25,82%)",ANO       (123),,ANO,True,True,True,True,123,2016,True,Rychnov na Moravě,Svitavy,Pardubický kraj,"Rychnov na Moravě, Svitavy, Pardubický kraj, Česká republika",True
228.0,"Slavětice            (Třebíč, VYS)","1. Souhlasíte se stavbou trvalého úložiště jaderného odpadu a nových bloků Jaderné elektrárny Dukovany na k.ú. Slavětic, nebo v bezprostřední blízkosti obce (k.ú. zaniklých obcí), bez připomínek?",10.4.2016       9:00 - 21:00,194,0.784,ANO,"11   (7,24%)","89      (58,55%)",ANO          (49),,ANO,True,True,True,True,49,2016,True,Slavětice,Třebíč,Kraj Vysočina,"Slavětice, Třebíč, Kraj Vysočina, Česká republika",True
228.0,"Slavětice            (Třebíč, VYS)","2. Souhlasíte se stavbou nových bloků Jaderné elektrárny Dukovany na k.ú. Slavětic, nebo v bezprostřední blízkosti obce (k.ú. zaniklých obcí), v případě, že vláda ČR bude dostatečně kompenzovat zhoršení životních podmínek občanů Slavětic?",10.4.2016       9:00 - 21:00,194,0.784,ANO,"136      (89,47%)","60     (37,47%)",ANO          (49),,ANO,True,True,True,True,49,2016,True,Slavětice,Třebíč,Kraj Vysočina,"Slavětice, Třebíč, Kraj Vysočina, Česká republika",True
229.0,"městský obvod Ostrava-Jih       (Ostrava, MSK)","1. Souhlasíte s tím, aby došlo ke sloučení Základní školy a mateřské školy Ostrava-Hrabůvka, Mitušova 8, příspěvkové organizace a Základní školy a meteřské školy Ostrava Hraůvka, Mitušova 16, příspěvkové organizace?",30.4. 2016      10:00 - 18:00,86394,0.0357,NE,"318          (10,31%)","2803           (90,92%)",NE       (21599),,NE,True,False,False,True,21599,2016,True,městský obvod Ostrava-Jih,Ostrava,Moravskoslezský kraj,"městský obvod Ostrava-Jih, Ostrava, Moravskoslezský kraj, Česká republika",True
229.0,"městský obvod Ostrava-Jih       (Ostrava, MSK)","2. Souhlasíte s tím, aby k jakýmkoliv rozhodnutím ze strany Rady a Zastupitelstva městského obvodu Ostrava-Jih, týkajícím se slučování nebo rušení základních a mateřských škol na území městského obvodu Ostrava-Jih, bylo ze strany Rady a Zastupitelstva městského obvodu Ostrava-Jih přistoupeno vždy až po předchozím veřejném projednání s občany a zpracování odborné koncepce nezávislou třetí osobou?",30.4. 2016      10:00 - 18:00,86394,0.0357,NE,"2667          (86,51%)","231           (7,49%)",NE       (21599),,NE,True,False,False,True,21599,2016,True,městský obvod Ostrava-Jih,Ostrava,Moravskoslezský kraj,"městský obvod Ostrava-Jih, Ostrava, Moravskoslezský kraj, Česká republika",True
230.0,"Veliká Ves                (Praha-východ, STČ)","Chcete, aby na části parcely č. 757/3 v k.ú. Veliká Ves, ktetá se nachází u obce Podlesice (700 metrů od vesnice), byla postavena farma skotu s minimální kapacitou 1500 kusů dopytka a bioplynová stanice?",25.6. 2016      08:00 - 16:00,246,0.3699,ANO,"45        (49,45%)","40       (43,96%)",NE                 (62),,ANO,True,True,False,True,62,2016,True,Veliká Ves,Praha-východ,Střední čechy,"Veliká Ves, Praha-východ, Střední čechy, Česká republika",True
231.0,"Bavory                (Břeclav, JMK)",Souhlasíte s výstavbou plánované dálnice D52 přes katastrální území obce Bavory v trase stávající komunikace R52?,4.6. 2016      08:00 - 21:00,325,0.4646,ANO,"90       (59,6%)","60     (39,74%)",ANO            (82)      ,,ANO,True,True,False,True,82,2016,True,Bavory,Břeclav,Jihomoravský kraj,"Bavory, Břeclav, Jihomoravský kraj, Česká republika",True
232.0,"Úvaly                         (Praha-Východ, STK)","Jste pro to, aby bylo obnoveno úvalské koupaliště, i když o náklady s tím spojené budou kráceny finanční prostředky určené na rekonstrukci infrastruktury a ostatního majetku města?",7. - 8. 10. 2016,4785,0.5024,ANO,1803      (75%),"488        (20,3%)",ANO        (1197),,ANO,True,True,True,True,1197,2016,True,Úvaly,Praha-Východ,Střední čechy,"Úvaly, Praha-Východ, Střední čechy, Česká republika",True
233.0,"Říčany                       (Praha-Východ, STK)","Souhlasíte s tím, aby město Říčany v samostatné působnosti jednalo tak, aby v katastrálních územích města nedošlo do roku 2030 k výstavbě, která by měla za následek  zvýšení počtu obyvatel města nad                  20 000?",7. - 8. 10. 2016,11204,0.3356,NE,"3194        (84,86%)","395     (10,49%)",NE (2801),,NE,True,False,False,True,2801,2016,True,Říčany,Praha-Východ,Střední čechy,"Říčany, Praha-Východ, Střední čechy, Česká republika",True
234.0,"Břeclav              (Břeclav, JMK)","Požadujete, aby orgány města Břeclav do doby kompletního zprovoznění obchvatu Břeclavi činily veškeré kroky v samostatné působnosti k tomu, aby zabránily výstavbě dalších velkoprodejen a nákupních center v blízkosti tř. 1 máje a ulice Národních hrdinů (zvláště v areálu bývalého podniku TRANZA, na tzv. zámeckých loukách a v areálu bývalého cukrovaru?",7. - 8. 10. 2016,20461,0.2579,NE,"4151    (78,66%)      ","1057      (20,03%)",NE (5116),,NE,True,False,False,True,5116,2016,True,Břeclav,Břeclav,Jihomoravský kraj,"Břeclav, Břeclav, Jihomoravský kraj, Česká republika",True
235.0,"Podolí                (Uherské Hradiště, ZLK)","1. Souhlasíte s tím, aby obec Podolí podnikla veškeré kroky v samostatné působnosti, aby pozemek p. č. 4328/2 v k. ú. Podolí nad Olšavou či jeho části zůstaly v majetku obce?",7. - 8. 10. 2016,675,0.573,ANO,"371       (95,87%)","14    (3,62%)",ANO         (169),,ANO,True,True,True,True,169,2016,True,Podolí,Uherské Hradiště,Zlínský kraj,"Podolí, Uherské Hradiště, Zlínský kraj, Česká republika",True
235.0,"Podolí                (Uherské Hradiště, ZLK)","2. Souhlasíte s tím, aby obec Podolí podnikla veškeré kroky v samostatné působnosti, aby zachovala současné využití pozemku p. č. 4328/2 v k. ú. Podolí nad Olšavou či jeho částí, tedy jako trvalý travní porost?",7. - 8. 10. 2016,675,0.573,ANO,"370    (95,61%)","14        (3,62%)",ANO         (169),,ANO,True,True,True,True,169,2016,True,Podolí,Uherské Hradiště,Zlínský kraj,"Podolí, Uherské Hradiště, Zlínský kraj, Česká republika",True
235.0,"Podolí                (Uherské Hradiště, ZLK)","3. Souhlasíte s tím, aby obec Podolí podnikla veškeré kroky v samostatné působnosti, aby nevyjímala z nadregionálního biocentra Hluboček žádné pozemky ve vlastnictví obce Podolí ani jejich části a aby podnikla veškeré kroky v samostatné působnosti, aby pozemky ve vlastnictví obce Podolí, které jsou součástí nadregionálního biocentra Hluboček, zůstaly v majetku obce?",7. - 8. 10. 2016,675,0.573,ANO,"373       (96,38%)","11       (2,84%)",ANO         (169),,ANO,True,True,True,True,169,2016,True,Podolí,Uherské Hradiště,Zlínský kraj,"Podolí, Uherské Hradiště, Zlínský kraj, Česká republika",True
235.0,"Podolí                (Uherské Hradiště, ZLK)","4. Souhlasíte s tím, aby obec Podolí podnikla veškeré kroky v samostatné působnosti, aby pozemky ve vlastnictví obce Podolí, kterými vedou inženýrské sítě a domovní přípojky k inženýrským sítím, zůstaly v majetku obce?",7. - 8. 10. 2016,675,0.573,ANO,"364        (94,06%)","19     (4,91%)",ANO         (169),,ANO,True,True,True,True,169,2016,True,Podolí,Uherské Hradiště,Zlínský kraj,"Podolí, Uherské Hradiště, Zlínský kraj, Česká republika",True
236.0,"Kyškovice       (Litoměřice, ÚSK)",Souhlasíte s těžbou výhradního ložiska štěrkopísku v katastru obce Kyškovice?,7. - 8. 10. 2016,237,0.759,ANO,0,"178       (98,89%)",ANO         (60),,ANO,True,True,True,True,60,2016,True,Kyškovice,Litoměřice,Ústecký kraj,"Kyškovice, Litoměřice, Ústecký kraj, Česká republika",True
237.0,"Losiná                     (Plzeň-město, PLK)","Souhlasím s tím, aby obec Losiná pokračovala všemi zákonnými prostředky v tom, aby obchodní společnosti P&P Březina servis s.r.o., IČO 26351919, se sídlem č.p. 303, 332 04 Losiná, nebo jejím právním nástupcům, zabránila ve výstavbě betonárny v obci Losiná?",7. - 8. 10. 2016,1039,0.5419,ANO,"343     (60,92%)","206       (36,59%)",ANO           (260),,ANO,True,True,True,True,260,2016,True,Losiná,Plzeň-město,Plzeňský kraj,"Losiná, Plzeň-město, Plzeňský kraj, Česká republika",True
238.0,"Protivanov   (Prostějov, OLK)","Souhlasíte s tím, aby zastupitelstvo městyse Protivanov podporovalo rozšíření stávajícího větrného parku nacházejícího se v katastrálním území Protivanov o dalších maximálně 5 větrných elektráren?",7. - 8. 10. 2016,810,0.489,ANO,"225     (56,82%)","155     (39,14%)",ANO          (203),,ANO,True,True,True,True,203,2016,True,Protivanov,Prostějov,Olomoucký kraj,"Protivanov, Prostějov, Olomoucký kraj, Česká republika",True
239.0,"Vědomice    (Litoměřice, ÚSK)",Souhlasíte s těžbou výhradního ložiska štěrkopísku v katastru obce Vědomice?,7. - 8. 10. 2016,687,0.716,ANO,"6      (1,22%)","485     (98,58%)",ANO      (172),,ANO,True,True,True,True,172,2016,True,Vědomice,Litoměřice,Ústecký kraj,"Vědomice, Litoměřice, Ústecký kraj, Česká republika",True
240.0,"Starý Plzenec      (Plzeň - město, PLK)","Souhlasíte s tím, aby zastupitelstvo a rada města Starého Plzence bezodkladně podnikly veškeré kroky v samostatné působnosti k zabránění výstavby obchodního zařízení o prodejní ploše větší než 200 m2 v blízkosti Základní školy Starý Plzenec v prostoru vymezeném ulicemi Nádražní - Radyňská - Nerudova - Jiráskova v katastrálním území Starý Plzenec?",7. - 8. 10. 2016,4066,0.526,ANO,"1184    (55,33%)","929    (43,41%)",ANO      (1017),,ANO,True,True,True,True,1017,2016,True,Starý Plzenec,Plzeň - město,Plzeňský kraj,"Starý Plzenec, Plzeň - město, Plzeňský kraj, Česká republika",True
241.0,"Trnová                    (Plzeň-sever, PLK)",Má obec odstranit budovu čp. 290 v obci Trnová?,7. - 8. 10. 2016,721,0.42996,ANO,"205      (66,56%)","81      (26,3%)",ANO             (181),,ANO,True,True,True,True,181,2016,True,Trnová,Plzeň-sever,Plzeňský kraj,"Trnová, Plzeň-sever, Plzeňský kraj, Česká republika",True
242.0,"Chroustov        (Nymburk, STK)","Chci, aby obec Chroustov převzala do svého vlastnictví kostel Nanebevzetí Panny Marie v Chroustově s přilehlým pozemkem hřbitova od Římskokatolické farnosti Městec Králové za cenu maximálně 50 000,- Kč?",7. - 8. 10. 2016,172,0.5,ANO,"47     (54,65%)","39     (45,35%)",ANO         (43),,ANO,True,True,True,True,43,2016,True,Chroustov,Nymburk,Střední čechy,"Chroustov, Nymburk, Střední čechy, Česká republika",True
243.0,Městská část Praha - Dolní Chabry       (Praha),"1) Chcete, aby Městská část Praha - Dolní Chabry podnikla veškeré kroky, aby k výstavbě dalších domů projektu ""Nové Chabry"" došlo až po dostatečném navýšení kapacit mateřských škol a základních škol?",26. 11. 2016   9:00 - 18:00,2974,0.429,ANO,"1117             (87,61%)","72       (5,65%)",ANO        (744),,ANO,True,True,True,True,744,2016,True,Městská část Praha - Dolní Chabry,Praha,Hlavní město Praha,"Městská část Praha - Dolní Chabry, Praha, Hlavní město Praha, Česká republika",True
243.0,Městská část Praha - Dolní Chabry       (Praha),"2) Chcete, aby Městská část Praha - Dolní Chabry podnikla veškeré kroky proti navýšení rozsahu výstavby projektu ""Nové Chabry"" a území směrem ke škole oproti platnému územnímu plánu?",26. 11. 2016   9:00 - 18:00,2974,0.429,ANO,"1176        (92,24%)","49      (3,84%)",ANO        (744),,ANO,True,True,True,True,744,2016,True,Městská část Praha - Dolní Chabry,Praha,Hlavní město Praha,"Městská část Praha - Dolní Chabry, Praha, Hlavní město Praha, Česká republika",True
243.0,Městská část Praha - Dolní Chabry       (Praha),"Chcete, aby Městská část Praha - Dolní Chabry podnikla veškeré kroky proti další výstavbě domů v projektu ""Nové Chabry"" a to do doby, než bude vyřešeno odpovídající dopravní napojení této oblasti, včetně pohybu chodců na zastávku MHD v ulici Ústecká?",26. 11. 2016   9:00 - 18:00,2974,0.429,ANO,"1133      (88,86%)","57     (4,47%)",ANO        (744),,ANO,True,True,True,True,744,2016,True,Městská část Praha - Dolní Chabry,Praha,Hlavní město Praha,"Městská část Praha - Dolní Chabry, Praha, Hlavní město Praha, Česká republika",True
244.0,"Králíky                  (Ústí nad Orlicí, PAK)","Souhlasíte s tím, aby v areálu bývalého Dětského výchovného ústavu v Králíkách zřídilo Ministerstvo spravedlnosti ČR ženskou věznici s dohledem?",25. 11. 2016    10:00 - 22:00,3513,0.4472,ANO,"219             (13,94%)","1348     (85,81%)",ANO            (879),,ANO,True,True,True,True,879,2016,True,Králíky,Ústí nad Orlicí,Pardubický kraj,"Králíky, Ústí nad Orlicí, Pardubický kraj, Česká republika",True
245.0,"Dětkovice    (Prostějov, OLK)",Souhlasíte s vybudováním tlakové kanalizace s napojením na čistírnu odpadních vod (ČOV) svazku obcí ČOV Výšovice?,7. 10. a 8. 10. 2016,440,0.618,ANO,"80       (29,42%)","179      (65,81%)",ANO      (110),,ANO,True,True,True,True,110,2016,True,Dětkovice,Prostějov,Olomoucký kraj,"Dětkovice, Prostějov, Olomoucký kraj, Česká republika",True
246.0,"Hruška        (Prostějov, OLK)",2. Jste pro vybudování víceúčelového sportovního hřiště v katastru obce Hruška?,28. 1. 2017       9:00 - 17:00,neoznámeno,0.618,ANO,,,ANO      (110),,ANO,True,True,True,True,110,2017,True,Hruška,Prostějov,Olomoucký kraj,"Hruška, Prostějov, Olomoucký kraj, Česká republika",True
248.0,"Věteřov        (Hodonín, JMK)","Souhlasíte s tím, aby obec Věteřov uzavřela podle ust. § 26a zákona č. 128/2000 Sb., o obcích dohodu o změně hranic obcí s obcí Strážovice, jejimž předmětem bude směna pozemků,                                                                    - parc. č. st. 221, o výměře 517 m2, jehož součástí je stavební objekt č.p. 164                                                         - parc. č. st. 219/2, o výměře 224 m2, jehož součástí je stavební objekt, budova bez č.p. nebo č. ev.                     - parc. č. st. 219/1, o výměře 928 m2, jeho součástí je stavební objekt č.p. 165                                                         - parc. č. st. 444, o výměře 229 m2, jeho součástí je stavební objekt č.p. 1200                                                       - parc. č. 339, o výměře 137 m2, jeho součástí je stavební objekt č.p. 1123,                                                     v katastrálním území Věteřov, za jakékoli pozemky, náležející do katastrálního území obce Strážovice, kdy v důsledku této směny dojde k převodu části sídel, které jsou součástí pozemků v katastrálním území obce Věteřov a osob, které v nich mají trvalý pobyt, pod výkon samosprávy obce Strážovice?",26.5.2017     7:00 - 22:00        ,422,0.547,ANO,"3        (1,29%)","221              (95,6%)",ANO        (106),,ANO,True,True,True,True,106,2017,True,Věteřov,Hodonín,Jihomoravský kraj,"Věteřov, Hodonín, Jihomoravský kraj, Česká republika",True
249.0,"Mimoň              (Česká Lípa, LBK)",Souhlasíte se stavbou přeložky silnice II/270 vnitřním průtahem v obci Mimoň?,20. - 21. 10. 2017,5375,0.3695,ANO,"242     (12,19%)","1677      (84,44%)",ANO      (1344)   ,,ANO,True,True,False,True,1344,2017,True,Mimoň,Česká Lípa,Liberecký kraj,"Mimoň, Česká Lípa, Liberecký kraj, Česká republika",True
250.0,"Zubří                   (Vsetín, ZLK)","Jste pro, aby město Zubří realizovalo projekt Multifunkční areál Zubří - vnitřní bazén pro školy a veřejnost s provozem wellness a provoz bufetu s dětským koutkem a kuželnou, venkovní nerezové bazény se zázemím a výstavbou Lékařského domu a Komunitního domu pro seniory, dle příslušných pravomocných stavebních povolení?",17.6.2017       08:00 - 16:00,4491,0.29948,NE,"617             (45,87%)","710         (52,79%)",NE         (1123),,NE,True,False,False,True,1123,2017,True,Zubří,Vsetín,Zlínský kraj,"Zubří, Vsetín, Zlínský kraj, Česká republika",True
251.0,"Dolní Tošanovice         (Frýdek - Místek, MSK)","Souhlasíte s tím, aby v prostorách objektu Dolní Tošanovice čp. 114 čerpací stanice pohonných hmot, vzniklo a bylo provozováno kasino?",12.6.2017      11:00 - 20:00,neoznámeno,0.3409,NE,neoznámeno,,NE,,NE,True,False,False,True,0,2017,True,Dolní Tošanovice,Frýdek - Místek,Moravskoslezský kraj,"Dolní Tošanovice, Frýdek - Místek, Moravskoslezský kraj, Česká republika",True
252.0,"Modlíkov           (Havlíčkův Brod, VYS)",Souhlasíte s vybudováním splaškové kanalizace a čistírny odpadních vod?,2. 9. 2017      10:00 - 18:00,142,0.8028,ANO,"76       (66,67%)","37      (32,46%)",ANO             (36),,ANO,True,True,True,True,36,2017,True,Modlíkov,Havlíčkův Brod,Kraj Vysočina,"Modlíkov, Havlíčkův Brod, Kraj Vysočina, Česká republika",True
253.0,"Třeboň       (jindřichův Hradec, JHČ)","Souhlasíte s tím, aby město Třeboň v probíhajícím volebním období zastupitlestva města (2014 - 2018) zahájilo stavbu ""Zimní stadion Třeboň"", dle městem zveřejněného projektu, a to v lokalitě sportovního areálu Hliník v Třeboni?",16. 9. 2017      08:00 - 16:00,6904,0.285,NE,"199           (10,12%)","1739      (88,41%)",NE        (1726),,NE,True,False,False,True,1726,2017,True,Třeboň,jindřichův Hradec,Jihočeský kraj,"Třeboň, jindřichův Hradec, Jihočeský kraj, Česká republika",True
255.0,"Potůčky           (Karlovy Vary, KVK)","Jste pro znovuotevření areálu bazénu Potůčky, v obci Potůčky, který do 31.12 2015 provozovala obec Potůčky?",8. 8. 2017    9:00 - 21:00,253,0.502,ANO,"94      (74,02%)","31             (24,41%)",ANO           (64),,ANO,True,True,True,True,64,2017,True,Potůčky,Karlovy Vary,Karlovarský kraj,"Potůčky, Karlovy Vary, Karlovarský kraj, Česká republika",True
256.0,"Chropyně         (Kroměříž, ZLK)","Souhlasíte s tím, aby město Chropyně ve své samostatné působnosti změnou územního plánu zamezilo těžbě šterkopísku v lokalitě Hejtman?",20. - 21. 10. 2017,4072,0.50049,ANO,"1648         (80,86%)","305     (14,97%)",ANO        (1018),,ANO,True,True,True,True,1018,2017,True,Chropyně,Kroměříž,Zlínský kraj,"Chropyně, Kroměříž, Zlínský kraj, Česká republika",True
258.0,"Zubří                   (Vsetín, ZLK)",Jste pro krytý bazén ve městě Zubří?,20. - 21. 10. 2017,4491,0.572,ANO,"1240      (48,29%)","1239      (48,25%)",ANO       (1123),hlasování neplatné,NE,True,True,True,False,1123,2017,True,Zubří,Vsetín,Zlínský kraj,"Zubří, Vsetín, Zlínský kraj, Česká republika",True
259.0,"Vědomice    (Litoměřice, ÚSK)","Jste proti vedení trasy obchvatu obce Vědomice - přeložky silnice II/240 v navrženém dopravním koridoru na území katastru obce Vědomice a požadujete, aby orgány obce Vědomice v souladu se zákonnými postupy prosazovaly v obecních, krajských i celostátních dokumentech územního plánování přesun trasy obchvatu Vědomice - přeložky silnice II/240 mimo katastr obce Vědomice?",20. - 21. 10. 2017,703,0.633,ANO,"383    (86,07%)","52    (11,69%)    ",ANO       (176)      ,,ANO,True,True,False,True,176,2017,True,Vědomice,Litoměřice,Ústecký kraj,"Vědomice, Litoměřice, Ústecký kraj, Česká republika",True
260.0,"Velké Přílepy           (Praha - západ, STČ)",1. Souhlasíte s výstavbou přeložky silnice II/240 (propojení dálnic D7 –D8) přes katastry obce Velké Přílepy a se zanesením koridoru pro tuto přeložku do územního plánu obce?,20. - 21. 10. 2017,2097,0.4616,ANO,"252            (26,03%)","690    (71,28%)",ANO      (525),,ANO,True,True,True,True,525,2017,True,Velké Přílepy,Praha - západ,Střední čechy,"Velké Přílepy, Praha - západ, Střední čechy, Česká republika",True
260.0,"Velké Přílepy           (Praha - západ, STČ)","2. Souhlasíte s výstavbou sjezdu z přeložky silnice II/240 (propojení dálnic D7 –
D8), který přivede dopravu do Kladenské ulice a dále do centra obce Velké
Přílepy?",20. - 21. 10. 2017,2097,0.4616,ANO,"163       (16,84%)","771        (79,65%)",ANO      (525),hlasování neplatné,NE,True,True,True,False,525,2017,True,Velké Přílepy,Praha - západ,Střední čechy,"Velké Přílepy, Praha - západ, Střední čechy, Česká republika",True
261.0,"Velké Meziříčí       (Žďár nad Sázavou, VYS)       ","Souhlasíte s tím, aby město Velké Meziříčí udělalo veškeré možné kroky k zahájení projektové přípravy obnovy Náměstí a přilehlých ulic ve Velkém Meziříčí dle vítězného návrhu jednokolové projektové architektonicko-urbanistické soutěže vyhlášené dne 7.4.2016 městem Velké Meziříčí?",20. - 21. 10. 2017,9373,0.373,ANO,"2249     (64,4%)","1128     (32,3%)",NE            (2344),,ANO,True,True,False,True,2344,2017,True,Velké Meziříčí,Žďár nad Sázavou,Kraj Vysočina,"Velké Meziříčí, Žďár nad Sázavou, Kraj Vysočina, Česká republika",True
262.0,"Dobřejovice          (Praha - východ, STČ)","Souhlasíte s tím, aby obec Dobřejovice bezodkladně podnikla veškeré kroky v samostatné působnosti, aby nemohlo dojít k výstavbě betonárny v katastrálním území obce Dobřejovice?",20. - 21. 10. 2017,698,0.692,ANO,"372      (77,02%)","95         (19,67%)",ANO       (175),,ANO,True,True,True,True,175,2017,True,Dobřejovice,Praha - východ,Střední čechy,"Dobřejovice, Praha - východ, Střední čechy, Česká republika",True
263.0,"Jablonec nad Nisou      (Jablonec nad Nisou, LBK) ","Souhlasíte s tím, aby město Jablonec nad Nisou, z důvodu ochrany veřejného pořádku a zvýšení bezpečnosti ve městě, učinilo veškeré možné kroky ve své samostatné působnosti k bezodkladnému zamezení provozu výherních hracích přístrojů, interaktivních videoloterních terminálů, centrálních a lokálních loterních systémů a dalších loterií uvedených v § 2 písm. e), g), j), l), m) bod 2 a n) a § 50 odst. 3 zákona 202/1990 Sb., o loteriích a jiných podobných hrách, a totalizátorových her a technických her uvedených v § 3 odst. 2 písm. c) a e) zákona č. 186/2016 Sb., o hazardních hrách?",12. - 13. 1. 2018,36045,0.3937,ANO,"12482       (87,95%)","1487       (10,48%)",ANO       (9012),,ANO,True,True,True,True,9012,2018,True,Jablonec nad Nisou,Jablonec nad Nisou,Liberecký kraj,"Jablonec nad Nisou, Jablonec nad Nisou, Liberecký kraj, Česká republika",True
264.0,"Lhota Rapotina        (Blansko, JMK)","1) Jste PROTI těžbě kamenolomu Lhota Rapotina a záměru provozující společnosti přesunout technologické linky do prostoru ""odpočívadla"" silnice II/374 (parcely č. 411/2, 411/4, 411/5, 411/6, 411/7, 411/8, 411/9, 411/10, 411/12, příp.dalších), čímž dojde k nevratnému ovlivnění života v obci i místní krajiny a souhlasíte s tím, aby obec Lhota Rapotina podnikla veškeré kroky v samostatné působnosti, aby tomuto zabránila?",12. - 13. 10. 2018,334,0.7904,ANO,"244    (92,42%)","17     (6,44%)",ANO (84),,ANO,True,True,True,True,84,2018,True,Lhota Rapotina,Blansko,Jihomoravský kraj,"Lhota Rapotina, Blansko, Jihomoravský kraj, Česká republika",True
264.0,"Lhota Rapotina        (Blansko, JMK)","2) Jste PROTI realizaci záměru výstavby tzv. ""Boskovické spojky"" v katastrálním území obce Lhota Rapotina, čímž dojde k zásadním a nevratným změnám i ovlivnění života v obci, místní krajiny a souhlasíte s tím, aby obec Lhota Rapotina podnikla veškeré kroky v samostatné působnosti, aby tomuto zabránila?",12. - 13. 10. 2018,334,0.7904,ANO,"212      (80,3%)","48      (18,18%)",ANO (84),hlasování neplatné,NE,True,True,True,False,84,2018,True,Lhota Rapotina,Blansko,Jihomoravský kraj,"Lhota Rapotina, Blansko, Jihomoravský kraj, Česká republika",True
265.0,"městská část Suché Lazce               (Opava, MSK)","Souhlasíte s tím, aby městská část Suché Lazce podnikla veškeré právní kroky k tomu, aby nedošlo k realizaci jižního obchvatu Komárova u Opavy vedoucího přes katastrální území Suché Lazce?",12. - 13. 1. 2018,neoznáme- no,0.7416,ANO,"neozná- meno (95,67%)","neozná- meno   (4,33%)",neoznáme- no,,ANO,True,True,False,True,0,2018,True,městská část Suché Lazce,Opava,Moravskoslezský kraj,"městská část Suché Lazce, Opava, Moravskoslezský kraj, Česká republika",True
266.0,"Všenory                 (Praha - západ, STK)","1.  Souhlasíte s tím, aby způsob využití části lokality Plzeňka, označené dle stávajícího územního plánu z roku 1997 včetně změny č. 1 z roku 2001 a změny č. 2 z roku 2008 jako ""2Z1"" (také ""2Z1a"" a ""2Z1b""), byl obcí Všenory zachován ve stávajícím stavu, tedy určený pro sportovně rekreační využití?",12. - 13. 1. 2018,1325,0.672,ANO,"747        (83,84%)","131      (14,7%)",ANO      (332),,ANO,True,True,True,True,332,2018,True,Všenory,Praha - západ,Střední čechy,"Všenory, Praha - západ, Střední čechy, Česká republika",True
266.0,"Všenory                 (Praha - západ, STK)","2. Souhlasíte s tím, aby obec Všenory učinila veškeré kroky v samostatné působnosti k tomu, aby v části lokality Plzeňka, označené dle stávajícího územního plánu z roku 1997 včetně změny č. 1 z roku 2001 a změny č. 2 z roku 2008 jako ""2Z2"" a ""2Z8"" (individuální nízkopodlažní obytná zástavba), nemohlo dojít k výstavbě jiných staveb pro bydlení než rodinných domů (nejvýše tři samostatné byty, nejvýše dvě nadzemní a jedno podzemní podlaží a podkroví)?",12. - 13. 1. 2018,1325,0.672,ANO,"706      (79,24%)","171      (19,19%)",ANO      (332),hlasování neplatné,NE,True,True,True,False,332,2018,True,Všenory,Praha - západ,Střední čechy,"Všenory, Praha - západ, Střední čechy, Česká republika",True
266.0,"Všenory                 (Praha - západ, STK)","3. Souhlasíte s tím, aby obec Všenory učinila veškeré kroky v samostatné působnosti k tomu, aby v současném areálu ""Krijcos"", tedy v ploše sestávající se z pozemků p.č. 402, 403, 404/1, 404/2, 406/1, 406/2 a 406/3 k. ú. Všenory, nemohlo dojít k výstavbě jiných staveb pro bydlení než rodinných domů (nejvýše tři samostatné byty, nejvýše dvě nadzemní a jedno podzemní podlaží a podkroví)?",12. - 13. 1. 2018,1325,0.672,ANO,"698      (78,34%)","179      (20,1%)",ANO      (332),hlasování neplatné,NE,True,True,True,False,332,2018,True,Všenory,Praha - západ,Střední čechy,"Všenory, Praha - západ, Střední čechy, Česká republika",True
266.0,"Všenory                 (Praha - západ, STK)","4. Souhlasíte s tím, aby obec Všenory učinila neprodleně veškeré kroky v samostatné působnosti k tomu, aby v lokalitách označených ve stávajícím územním plánu z roku 1997 včetně změny č. 1 z roku 2001 a změny z roku 2008 jako 2Z1a, 2Z1b, 2Z2, 2Z8 a na pozemcích p.č. 402, 403, 404/1, 404/2, 406/1, 406/2 a 406/3 k. ú. Všenory, byly splněny níže uvedené podmínky?                                                                               - Maximální výška staveb v hřebeni: 12m (měřeno od nejnižšího místa stavby pro stavby ve svahu)                     - Sedlová nebo(polo)valbová střecha s minimálním sklonem 30°                                                                            - Maximální počet nadzemních podlaží: dvě nadzemní podlaží                                                                                     - Koeficient zastavitelné plochy: 0,3                                    - Koeficient zeleně: 0,55                                                       - Koeficient podlažních ploch: 0,6",12. - 13. 1. 2018,1325,0.672,ANO,695     (78%),"176        (19,75%)",ANO      (332),hlasování neplatné,NE,True,True,True,False,332,2018,True,Všenory,Praha - západ,Střední čechy,"Všenory, Praha - západ, Střední čechy, Česká republika",True
267.0,"Karlovy Vary (Karlovy Vary, KVK)",Jste pro obnovu historické Vřídelní kolonády architektů F. Fellnera a H. Helmera a pro ukončení oprav havarijního stavu současné Vřídelní kolonády z roku 1975?,12. - 13. 1. 2018,37761,0.3422,NE,"9564       (74,01%)","3098     (23,97%)",NE        (9441),,NE,True,False,False,True,9441,2018,True,Karlovy Vary,Karlovy Vary,Karlovarský kraj,"Karlovy Vary, Karlovy Vary, Karlovarský kraj, Česká republika",True
268.0,"Zubří                   (Vsetín, ZLK)",Jste pro krytý bazén ve městě Zubří?,12. - 13. 1. 2018,4497,0.6629,ANO,"1029    (34,52%)","1904     (63,87%)",ANO      (1125),,ANO,True,True,True,True,1125,2018,True,Zubří,Vsetín,Zlínský kraj,"Zubří, Vsetín, Zlínský kraj, Česká republika",True
269.0,"Brušperk                 (Frýdek - Místek, MSK)","Souhlasíte s tím, aby město Brušperk využívalo prostory stávající restaurace ND i k jiným účelům, např. pro potřeby společenských organizací nebo města Brušperk?",12. - 13. 1. 2018,3221,0.43899,ANO,"922      (65,21%)","460     (35,53%)",ANO       (806),,ANO,True,True,True,True,806,2018,True,Brušperk,Frýdek - Místek,Moravskoslezský kraj,"Brušperk, Frýdek - Místek, Moravskoslezský kraj, Česká republika",True
270.0,"Česká Lípa       (Česká Lípa, LBK)","1. Souhlasíte s tím, aby Město Česká Lípa provedlo zásadní rekonstrukci a přestavbu budovy Jiráskova divadla?",28. 1. 2018    8:00 - 18:00,29675,0.1545,NE,"2607      (56,87%)","1819      (39,68%)",NE       (7419),,NE,True,False,False,True,7419,2018,True,Česká Lípa,Česká Lípa,Liberecký kraj,"Česká Lípa, Česká Lípa, Liberecký kraj, Česká republika",True
270.0,"Česká Lípa       (Česká Lípa, LBK)","2. Souhlasíte s tím, aby Město Česká Lípa vybudovalo moderní, bezbariérovou knihovnu v prostoru tzv. Tilie na Jeřábkově náměstí?",28. 1. 2018    8:00 - 18:00,29675,0.1545,NE,"2185      (47,67%)","2200 (47,99%)",NE       (7419),hlasování neplatné,NE,True,False,False,False,7419,2018,True,Česká Lípa,Česká Lípa,Liberecký kraj,"Česká Lípa, Česká Lípa, Liberecký kraj, Česká republika",True
270.0,"Česká Lípa       (Česká Lípa, LBK)","3. Souhlasítes tím, aby Město Česká Lípa rozšířilo stávající Sportareál a vybudovalo nerezový venkovní bazén s dohřívanou vodou o ploše 800 m2 v ulici Barvířská?",28. 1. 2018    8:00 - 18:00,29675,0.1545,NE,"741   (16,16%)","3710      (80,93%)",NE       (7419),hlasování neplatné,NE,True,False,False,False,7419,2018,True,Česká Lípa,Česká Lípa,Liberecký kraj,"Česká Lípa, Česká Lípa, Liberecký kraj, Česká republika",True
270.0,"Česká Lípa       (Česká Lípa, LBK)","4. Souhlasíte s tím, aby Město Česká Lípa vykoupilo od stávajícího vlastníka zbytek vyhořelého tzv. Kounicova domu v Berkově ulici a investovalo do jeho obnovy? ",28. 1. 2018    8:00 - 18:00,29675,0.1545,NE,"2769  (60,41%)","1640  (35,78%)",NE       (7419),hlasování neplatné,NE,True,False,False,False,7419,2018,True,Česká Lípa,Česká Lípa,Liberecký kraj,"Česká Lípa, Česká Lípa, Liberecký kraj, Česká republika",True
270.0,"Česká Lípa       (Česká Lípa, LBK)","5. Souhlasíte s tím, aby Město Česká Lípa koupilo bývalou rozhlednu Štěpánka na Špičáku a přilehlé pozemky?",28. 1. 2018    8:00 - 18:00,29675,0.1545,NE,"1214   (26,48%)","3139   (68,48%)",NE       (7419),hlasování neplatné,NE,True,False,False,False,7419,2018,True,Česká Lípa,Česká Lípa,Liberecký kraj,"Česká Lípa, Česká Lípa, Liberecký kraj, Česká republika",True
271.0,"Zdiby                  (Praha - východ, STK)","1. Chcete, aby na území obce Zdiby (plocha Z19 územního plánu obce Zdiby) bylo vybudováno logistické a výrobní centrum GOODMAN ZDIBY LOGISTICS CENTRE?",5. - 6. 10. 2018,2340,0.503,ANO,"21          (1,78%)","1139 (96,77%)",ANO         (585),,ANO,True,True,True,True,585,2018,True,Zdiby,Praha - východ,Střední čechy,"Zdiby, Praha - východ, Střední čechy, Česká republika",True
271.0,"Zdiby                  (Praha - východ, STK)","2. Chcete, aby obec Zdiby a zastupitelstvo obce Zdiby ihned po vyhlášení výsledků referenda podnikly veškeré dostupné kroky, které zabrání na ploše Z19 (územního plánu obce Zdiby) vybudování logistického a výrobního centra GOODMAN ZDIBY LOGISTICS CENTRE nebo komplexů podobné velikosti a charakteru?",5. - 6. 10. 2018,2340,0.503,ANO,"1121 (95,24%)","34           (2,89%)",ANO         (585),hlasování neplatné,NE,True,True,True,False,585,2018,True,Zdiby,Praha - východ,Střední čechy,"Zdiby, Praha - východ, Střední čechy, Česká republika",True
272.0,"Jaroměřice nad Rokytnou           (Třebíč, VYS)",Souhlasíte s vybudováním hlubinného úložiště vyhořelého paliva z jaderných elektráren na území našeho města?,16. 6. 2018   9:00 - 18:00,3349,0.4458,ANO,"31    (2,01%)","1437  (96,25%)     ",ANO        (838),,ANO,True,True,True,True,838,2018,True,Jaroměřice nad Rokytnou,Třebíč,Kraj Vysočina,"Jaroměřice nad Rokytnou, Třebíč, Kraj Vysočina, Česká republika",True
273.0,"městská část Brno - Nový Lískovec           (Brno, JMK)","Souhlasíte, aby v Brně - Novém Lískovci v rámci lokality KV-II vznikly prostory k bydlení pro více jak 200 obyvatel?",5. - 6. 10. 2018,8193,0.325,NE,"433 (16,26%)","2212 (83,06%)",NE              (2049),,NE,True,False,False,True,2049,2018,True,městská část Brno - Nový Lískovec,Brno,Jihomoravský kraj,"městská část Brno - Nový Lískovec, Brno, Jihomoravský kraj, Česká republika",True
274.0,"Hronov                   (Náchod, HKK)",1. Souhlasíte s výstavbou nového městského úřadu v budově přístavby Jiráskova divadla?,5. - 6. 10. 2018,5032,0.445,ANO,"484 (21,62%)","1682 (75,12%)",ANO               (1258),,ANO,True,True,True,True,1258,2018,True,Hronov,Náchod,Královéhradecký kraj,"Hronov, Náchod, Královéhradecký kraj, Česká republika",True
274.0,"Hronov                   (Náchod, HKK)","2. Souhlasíte s prodejem domu U Zeleného stromu, č. p. 4, náměstí Československé armády v Hronově?",5. - 6. 10. 2018,5032,0.445,ANO,"261 (11,66%)","1903 (84,99%)",ANO               (1258),hlasování neplatné,NE,True,True,True,False,1258,2018,True,Hronov,Náchod,Královéhradecký kraj,"Hronov, Náchod, Královéhradecký kraj, Česká republika",True
274.0,"Hronov                   (Náchod, HKK)","3. Souhlasíte s prodejem objektu radnice, č. p. 5, náměstí Československé armády v Hronově?",5. - 6. 10. 2018,5032,0.445,ANO,"207 (9,25%)","1965 (87,76%)",ANO               (1258),hlasování neplatné,NE,True,True,True,False,1258,2018,True,Hronov,Náchod,Královéhradecký kraj,"Hronov, Náchod, Královéhradecký kraj, Česká republika",True
275.0,"Trubín            (Beroun, STK)","Souhlasíte, aby se obec Trubín připojila k městu Králův Dvůr?",5. - 6. 10. 2018,350,0.74,ANO,"74 (28,57%)","182 (70,27%)",ANO            (88),,ANO,True,True,True,True,88,2018,True,Trubín,Beroun,Střední čechy,"Trubín, Beroun, Střední čechy, Česká republika",True
277.0,"Velký Beranov    (Jihlava, VYS)","Požadujete, aby orgány obce Velký Beranov učinily v samostatné působnosti veškeré možné kroky (včetně schvalování územního plánu a jeho změn) k tomu, aby zabránily výstavbě průmyslových objektů na pozemcích parc. Č. 1373/1, 1385/1, 1386/1, 1389/12, 1405, 1406/1, 1406/2, 1407/1 v katastrálním území Velký Beranovi, obec Velký Beranov?",5. - 6. 10. 2018,1044,0.6427,ANO,"417 (62,15%)","250 (37,26%)",ANO             (261),,ANO,True,True,True,True,261,2018,True,Velký Beranov,Jihlava,Kraj Vysočina,"Velký Beranov, Jihlava, Kraj Vysočina, Česká republika",True
278.0,"Nové město nad Metují            (Náchod, HKK) ","Jste proti vedení tranzitní a nákladní dopravy v navrženém dopravním koridoru Vladivostok - okolo nádraží ČD - pod Malecím - nad Vrchoviny a požadujete, aby orgány města žádaly u příslušných organizací ukončení prací na realizaci stavby přeložky 1/14 a v souladu se zákonnými postupy prosazovaly v městských, krajských i celostátních dokumentech územního plánování podmínky pro vytvoření jižního obchvatu Nového města nad Metují v trase Spy - Vladivostok - Osma - Nahořany?",5. - 6. 10. 2018,7827,0.4412,ANO,"2116 (61,28%)","1209 (35,01%)",ANO          (1957),,ANO,True,True,True,True,1957,2018,True,Nové město nad Metují,Náchod,Královéhradecký kraj,"Nové město nad Metují, Náchod, Královéhradecký kraj, Česká republika",True
279.0,"Temelín             (České Budějovice, JHČ)",Souhlasíte s výstavbou Víceúčelové sportovní haly (zimní stadion) v obci Temelín?,5. - 6. 10. 2018,700,0.57,ANO,"158 (39,6%)","233 (58,4%)",ANO              (175),,ANO,True,True,True,True,175,2018,True,Temelín,České Budějovice,Jihočeský kraj,"Temelín, České Budějovice, Jihočeský kraj, Česká republika",True
280.0,"Liberec                   (Liberec, LBK)","Souhlasíte s tím, aby město upravilo tarif hromadné dopravy tak, aby děti ve věku do 15 let a senioři nad 65 let měli MHD nejpozději od 1. 1. 2019 zdarma?",5. - 6. 10. 2018,80008,0.1485,NE,"7381 (62,12%)","4062 (34,19%)",NE               (20002),,NE,True,False,False,True,20002,2018,True,Liberec,Liberec,Liberecký kraj,"Liberec, Liberec, Liberecký kraj, Česká republika",True
280.0,"Liberec                   (Liberec, LBK)","Souhlasíte s tím, aby město Liberec učinilo veškeré možné kroky ve své samostatné působnosti k regulaci hazardu tak, aby v Liberci bylo do konce roku 2019 max. 7 míst s tzv. živou hrou?",5. - 6. 10. 2018,80008,0.1485,NE,"10167 (85,57%)","1315 (11,07%)",NE               (20002),hlasování neplatné,NE,True,False,False,False,20002,2018,True,Liberec,Liberec,Liberecký kraj,"Liberec, Liberec, Liberecký kraj, Česká republika",True
280.0,"Liberec                   (Liberec, LBK)","Souhlasíte s tím, aby město do konce roku 2018 koupilo liberecký zámek a přilehlý zámecký park za cenu max. 96,5 mil. Kč?",5. - 6. 10. 2018,80008,0.1485,NE,"6818 (57,39%)","4157 (34,99%)",NE               (20002),hlasování neplatné,NE,True,False,False,False,20002,2018,True,Liberec,Liberec,Liberecký kraj,"Liberec, Liberec, Liberecký kraj, Česká republika",True
280.0,"Liberec                   (Liberec, LBK)","Souhlasíte s tím, aby město obnovilo bývalý lesní amfiteátr v Lidových sadech?",5. - 6. 10. 2018,80008,0.1485,NE,"8787 (73,96%)","2563 (21,57%)",NE               (20002),hlasování neplatné,NE,True,False,False,False,20002,2018,True,Liberec,Liberec,Liberecký kraj,"Liberec, Liberec, Liberecký kraj, Česká republika",True
280.0,"Liberec                   (Liberec, LBK)","Souhlasíte s tím, aby město vykoupilo od Povodí Labe hráz u Veseckého rybníku, tzv. Tajchu, a připravilo projekt citlivé revitalizace jeho okolí?",5. - 6. 10. 2018,80008,0.1485,NE,"7818 (65,80%)","3207 (26,99%)",NE               (20002),hlasování neplatné,NE,True,False,False,False,20002,2018,True,Liberec,Liberec,Liberecký kraj,"Liberec, Liberec, Liberecký kraj, Česká republika",True
281.0,"Horní Počaply     (Mělník, STK)","Souhlasíte s výstavbou zařízení pro energetické využití odpadů ZEVO na území obce
Horní Počaply?",5. - 6. 10. 2018,963,0.4922,ANO,"19      (4,01%)","448 (94,51%)",ANO           (241),,ANO,True,True,True,True,241,2018,True,Horní Počaply,Mělník,Střední čechy,"Horní Počaply, Mělník, Střední čechy, Česká republika",True
282.0,"Poděbrady (Nymburk, STK)","Souhlasíte s tím, aby Zastupitelstvo města Poděbrady v rámci samostatné působnosti podniklo veškeré kroky potřebné k zahájení výstavby areálu krytého plaveckého bazénu o délce 25 m se šesti plaveckými drahami v městě Poděbrady?",5. - 6. 10. 2018,11108,0.215,NE,"1423 (59,59%)","803 (33,63%)",NE           (2777),,NE,True,False,False,True,2777,2018,True,Poděbrady,Nymburk,Střední čechy,"Poděbrady, Nymburk, Střední čechy, Česká republika",True
282.0,"Poděbrady (Nymburk, STK)","Souhlasíte s tím, aby Zastupitelstvo města Poděbrady v rámci samostatné působnosti podniklo veškeré kroky potřebné k tomu, aby výstavba areálu krytého plaveckého bazénu byla zahájena nejpozději do dvou let od dne vyhlášení výsledků místního referenda a ukončena nejpozději do 5 let ode dne vyhlášení výsledků referenda?",5. - 6. 10. 2018,11108,0.215,NE,"1291 (54,06%)","836 (35,00%)",NE           (2777),hlasování neplatné,NE,True,False,False,False,2777,2018,True,Poděbrady,Nymburk,Střední čechy,"Poděbrady, Nymburk, Střední čechy, Česká republika",True
282.0,"Poděbrady (Nymburk, STK)","Souhlasíte s tím, aby Zastupitelstvo města Poděbrady v rámci samostatné působnosti podniklo veškeré kroky k tomu, aby součástí areálu krytého plaveckého bazénu byl také malý aquapark včetně bazénku pro nejmenší?",5. - 6. 10. 2018,11108,0.215,NE,"1240 (51,93%)","884 (37,02%)",NE           (2777),hlasování neplatné,NE,True,False,False,False,2777,2018,True,Poděbrady,Nymburk,Střední čechy,"Poděbrady, Nymburk, Střední čechy, Česká republika",True
282.0,"Poděbrady (Nymburk, STK)","Souhlasíte s tím, aby Zastupitelstvo města Poděbrady v rámci samostatné působnosti podniklo veškeré kroky k tomu, aby soušástí areálu krytého plaveckého bazénu byla také relaxační část obsahující parní sauny, sauny, vířivky, perličky, trysky, chrliče a klidovou zónu?",5. - 6. 10. 2018,11108,0.215,NE,"1282 (53,69%)","890 (37,27%)",NE           (2777),hlasování neplatné,NE,True,False,False,False,2777,2018,True,Poděbrady,Nymburk,Střední čechy,"Poděbrady, Nymburk, Střední čechy, Česká republika",True
283.0,"Čejov              (Pelhřimov, VYS)","Místní referendum se týkalo otázky, zda si občané přejí pokračovat v rekonstrukci MŠ a ZŠ obce Čejov (přesné znění referendové otázky nebylo oznámeno).",2019-01-05 00:00:00,451,0.588,ANO,"133     (50,18%)","121    (45,66%)",ANO        (113),,ANO,True,True,True,True,113,2019,True,Čejov,Pelhřimov,Kraj Vysočina,"Čejov, Pelhřimov, Kraj Vysočina, Česká republika",True
284.0,"Bačice                    (Třebíč, VYS)",Souhlasíte se změnou územního plánu pro ZD Hrotovice na záměr vybudovat novou výkrmnu prasat s bioplynovou stanicí?,2019-03-02 00:00:00,159,0.6918,ANO,"38     (34,54%)","72      (65,45%)",ANO              (40),,ANO,True,True,True,True,40,2019,True,Bačice,Třebíč,Kraj Vysočina,"Bačice, Třebíč, Kraj Vysočina, Česká republika",True
285.0,"městský obvod Plzeň 7 - Radčice       (Plzeň, PLK)",Souhlasíte s vybudováním sjezdu do Radčic z budoucího západního okruhu města Plzně?,2019-03-09 00:00:00,844,0.4609,ANO,"170       (43,70%)","214      (55,01%)",ANO      (211),,ANO,True,True,True,True,211,2019,True,městský obvod Plzeň 7 - Radčice,Plzeň,Plzeňský kraj,"městský obvod Plzeň 7 - Radčice, Plzeň, Plzeňský kraj, Česká republika",True
,"Lešná                   (Vsetín, ZLK)","1. Souhlasíte s tím, aby zastupitelstvo obce Lešná schválilo připravovaný územní plán obce Lešná v podobě, která podmiňuje využití návrhových ploch výroby a skladování v průmyslové zóně nacházející se v obci Lešná v katastrálních územích Příluky a Lhotka nad Bečvou zpracováním územní studie? ",2019-03-22 00:00:00,1646,0.5085,ANO,"782        (93,43%)","45        (5,38%)",ANO          (412),,ANO,True,True,True,True,412,2019,True,Lešná,Vsetín,Zlínský kraj,"Lešná, Vsetín, Zlínský kraj, Česká republika",True
285.0,"Lešná                   (Vsetín, ZLK)","2. Souhlasíte s tím, aby zastupitelstvo obce Lešná schválilo připravovaný územní plán v podobě, která v návrhových plochách výroby a skladování v průmyslové zóně nacházející se v obci Lešná v katastrálních územích Příluky a Lhotka nad Bečvou neumožní výstavbu provozů těžkého průmyslu, jako jsou hutnictví, strojírenství, chemický průmysl a petrochemie včetně povrchových úprav, lisování a drcení materiálů a neumožní skládkování nebezpečných odpadů?",2019-03-22 00:00:00,1646,0.5085,ANO,"669        (79,93%)","40     (4,78%)",ANO          (412),hlasování neplatné,NE,True,True,True,False,412,2019,True,Lešná,Vsetín,Zlínský kraj,"Lešná, Vsetín, Zlínský kraj, Česká republika",True
287.0,"Měchenice        (Praha-západ, STK)","Souhlasíte s výstavbou supermarketu společnosti Lidl v obci Měchenice na pozemcích mezi stavebninami Měchenice, ulicí Spojovací a Hlavní?",24. - 25. 5. 2019,650,0.6138,ANO,"245      (61,40%)","137      (34,33%)",ANO      (163),,ANO,True,True,True,True,163,2019,True,Měchenice,Praha-západ,Střední čechy,"Měchenice, Praha-západ, Střední čechy, Česká republika",True
288.0,"Lovčice        (Hodonín, JMK)",Jste pro rekonstrukci silnice III/4301 průtahu obcí - výměnu stávajících živičných kostek a konstrukčních vrstev vozovky za nový asfaltový povrch vč. obrub?,24. - 25. 5. 2019,660,0.6181,ANO,"253      (62,01%)","149        (36,52%)",ANO       (165),,ANO,True,True,True,True,165,2019,True,Lovčice,Hodonín,Jihomoravský kraj,"Lovčice, Hodonín, Jihomoravský kraj, Česká republika",True
290.0,"Chvalíkovice (Opava, MSK)",Souhlasíte s výstavbou obecní centrální čističky odpoadních vod a s vybudováním související oddělené kanalizace v obci Chvalíkovice?,2019-10-05 00:00:00,548,0.5693,ANO,"229    (73,39%)","67    (21,47%)",ANO           (137),,ANO,True,True,True,True,137,2019,True,Chvalíkovice,Opava,Moravskoslezský kraj,"Chvalíkovice, Opava, Moravskoslezský kraj, Česká republika",True
291.0,"Bělá                     (Opava, MSK)",Má obecní zastupitelstvo dát souhlas v územním a stavebním řízení k umístění a provedení stavby kravína v lokalitě VA 205 v k. ú. Bělá u Staré Paky?,2019-10-05 00:00:00,220,0.7636,ANO,84         (50%),84      (50%),NE                   (55),,ANO,True,True,False,True,55,2019,True,Bělá,Opava,Moravskoslezský kraj,"Bělá, Opava, Moravskoslezský kraj, Česká republika",True
292.0,"Potůčky               (Karlovy Vary, KVK)","Souhlasíte s přestavbou stávajícího objektu areálu bazén Potůčky čp. 160 na pozemku st.p.č. 400 v k.ú. Potůčky na společenské a sportovní centrum pro děti a veřejnost (s využitím zejména jako tělocvična a šatny pro děti ZŠ a MŠ Potůčky, krizové centrum, společenské a sportovní prostory) namísto znovuotevření areálu bazénu v této stavbě, který byl uzavřen ke dni 31.12.2015 a o jehož znovuotevření rozhodlo místní referendum dne 8.8.2017?",2019-10-04 00:00:00,252,0.6032,ANO,"104       (68,42%)","42       (27,63%)",ANO              (63),,ANO,True,True,True,True,63,2019,True,Potůčky,Karlovy Vary,Karlovarský kraj,"Potůčky, Karlovy Vary, Karlovarský kraj, Česká republika",True
293.0,"Potštejn        (Rychnov nad Kněžnou, HKK)","Jsem pro výstavbu multifunkčního objektu s hasičskou zbrojnicí dle schválené projektové dokumentace a vydaného stavebního povolení na akci ""Výstavba hasičské zbrojnice a obecního sálu v Potštejně"".",2019-11-01 00:00:00,792,0.6465,ANO,"235 (45,90%)","271 (52,93%)",ANO               (257),,ANO,True,True,True,True,257,2019,True,Potštejn,Rychnov nad Kněžnou,Královéhradecký kraj,"Potštejn, Rychnov nad Kněžnou, Královéhradecký kraj, Česká republika",True
294.0,"Litoměřice (Litoměřice, ÚSK)","Chcete, aby orgány města Litoměřice bezodkladně zastavily jakoukoliv formu převodu vlastnictví či provozování nemocnice v Litoměřicích na jakýkoliv subjekt, který není ve výhradním vlastnictví státu, kraje či obce a zachovaly nemovitosti nemocnice i provozní majetek společnosti Nemocnice Litoměřice, a.s., ve výhradním vlastnictví státu, kraje či obce?",2019-11-08 00:00:00,18977,0.5326,ANO,"9691 (95,87%)","203         (2,01%)",ANO         (5055),,ANO,True,True,True,True,5055,2019,True,Litoměřice,Litoměřice,Ústecký kraj,"Litoměřice, Litoměřice, Ústecký kraj, Česká republika",True
295.0,"Jammé          (Jihlava, VYS)",Souhlasíte s výstavbou větrných elektráren v katastrálním území obce Jamné u Jihlavy?,2019-11-30 00:00:00,432,0.5833,ANO,"61 (24,21%)","187 (74,21%)",ANO           (127),,ANO,True,True,True,True,127,2019,True,Jammé,Jihlava,Kraj Vysočina,"Jammé, Jihlava, Kraj Vysočina, Česká republika",True
296.0,"Brniště                          (Česká Lípa, LBK)","1. Souhlasíte, aby obec Brniště jakkoli souhlasila nebo podporovala povolení a provádění těžby v dobývacím prostoru Luhov? ",2020-06-19 00:00:00,1061,0.4958,ANO,"305    (57,98 %)","204    (38,78 %)",ANO       (266),,ANO,True,True,True,True,266,2020,True,Brniště,Česká Lípa,Liberecký kraj,"Brniště, Česká Lípa, Liberecký kraj, Česká republika",True
296.0,"Brniště                          (Česká Lípa, LBK)","2. Souhlasíte, aby zastupitelstvo obce Brniště přijalo negativní stanovisko vůči těžbě v dobývacím prostoru Luhov?",2020-06-19 00:00:00,1061,0.4958,ANO,"231    (43,92 %)","260    (49,42 %)",NE           (266),hlasování neplatné,NE,True,True,False,False,266,2020,True,Brniště,Česká Lípa,Liberecký kraj,"Brniště, Česká Lípa, Liberecký kraj, Česká republika",True
297.0,"Škrdlovice                               (Žďár nad Sázavou, VYS)",Souhlasíte s umístěním přístřešku u autobusové zastávky v parku před kaplá svatých Cyrila a Metoděje?,2020-06-26 00:00:00,549,0.448,ANO,"201      (81,7 %)","41        (16,7 %)",ANO       (149),,ANO,True,True,True,True,149,2020,True,Škrdlovice,Žďár nad Sázavou,Kraj Vysočina,"Škrdlovice, Žďár nad Sázavou, Kraj Vysočina, Česká republika",True
298.0,"Hory                                    (Karlovy Vary, KVK)","Souhlasíte s umístěním a výstavbou stavby s názvem ""Středisko obchodu a služeb Karlovy Vary - Hory I"" na pozemcích parcelní číslo 127/8, 220/1, 223/1, 223/2, 224/1, 224/2, 224/3, 226, 228/1, 228/2, 229/1, 229/2, 229/3, 229/10, 230/4, 230/5, 230/6, 231/1, 231/2, 231/3, 231/4, 231/6, 231/7, 297, 414/2, 415/1, 417/2, 427/2, 427/3 v katastrálním území Hory u Jenišova?",2020-07-23 00:00:00,244,0.541,ANO,"6             (4,5 %)","125      (94,5 %)",ANO        (61),,ANO,True,True,True,True,61,2020,True,Hory,Karlovy Vary,Karlovarský kraj,"Hory, Karlovy Vary, Karlovarský kraj, Česká republika",True
299.0,"Stará Lysá                    (Nymburk, STČ)",Souhlasíte s prodejem obecního pozemku 140/81 o výměře 3648 m2 v katastrálním území Stará Lysá v lokalitě Mokřad a tůně Hladoměř? Pozemek vznikl dělením současného pozemku 140/65 dle geometrického plánu č. 541-146/2019 odsouhlaseného katastrálním úřadem dne 15.11.2019 pod PGP 1789/2019-208. Oblast je v současném územním plánu vedena jako plocha Z17 - výroba a skladování - drobná řemeslná výroba.,2. - 3. 10. 2020,475,0.56,ANO,"121    (45,49 %)","144    (54,14 %)",ANO          (119),,ANO,True,True,True,True,119,2020,True,Stará Lysá,Nymburk,Střední čechy,"Stará Lysá, Nymburk, Střední čechy, Česká republika",True
300.0,"Pchery                 (Kladno, STČ)","Souhlasíte s tím, aby obec Pchery prodala svůj nemovitý majetek - Faru č.p. 1 s pozemky p.č. st. 57, 85/1 v k.ú- Pchery?",2. - 3. 10. 2020,1550,0.4025,ANO,"172    (27,56 %)","423    (67,78 %)",ANO          (388),,ANO,True,True,True,True,388,2020,True,Pchery,Kladno,Střední čechy,"Pchery, Kladno, Střední čechy, Česká republika",True
301.0,"Stříbro                       (Tachov, PLK)",Souhlasíte s výstavebou krytého plaveckého bazénu ve městě Stříbro?,2. - 3. 10. 2020,5964,0.366,ANO,"1 529     (70,04 %)","521       (23,87 %)",ANO             (1 491),,ANO,True,True,False,True,0,2020,True,Stříbro,Tachov,Plzeňský kraj,"Stříbro, Tachov, Plzeňský kraj, Česká republika",True
302.0,"Stéblová (Pardubice, PAK)","1. Souhlasíte, aby zastupitelstvo obce Stéblová schválilo úpravu návrhu Změny č. 2b) Územního plánu Stéblová, týkající se plochy těžby štěrkopísku, dle žádosti společnosti Šaravec a Ruč spol. s. r.o., doručené dne 11. 3. 2020?",2. - 3. 10. 2020,196,0.7449,ANO,"43         (29,45 %)","68           (46,57 %)",NE               (49),,ANO,True,True,False,True,49,2020,True,Stéblová,Pardubice,Pardubický kraj,"Stéblová, Pardubice, Pardubický kraj, Česká republika",True
302.0,"Stéblová (Pardubice, PAK)"," 2. Má zastupitelstvo obce Stéblová podporovat záměr těžby štěrkopísku v rámci Změny č. 2b) Územního plánu Stéblová za podmínek, které budou chránit zdraví a majetek občanů?",2. - 3. 10. 2020,196,0.7449,ANO,"16           (10,96 %)","122         (83,56 %)",ANO          (49),hlasování neplatné,NE,True,True,True,False,49,2020,True,Stéblová,Pardubice,Pardubický kraj,"Stéblová, Pardubice, Pardubický kraj, Česká republika",True
303.0,"MO Ústí nad Labem - Střekov                         (Ústí nad Labem, ÚSK)","Souhlasíte s realizací nákupní zóny na pozemcích parc. č. 2779/1, 2884/1 v k. ú. Střekov, dle návrhu, zveřejněného na www.strekov.cz, v podatelně Úřadu městského obvodu Ústí nad Labem - Střekov a vývěskách Městského obvodu Ústí nad Labem - Střekov v termínu od 10. 8. 2020 do 3. 10. 2020?",2. - 3. 10. 2020,11171,0.3592,ANO,"2 715 (67,66 %)","1 142 (28,45 %)",NE                 (2 793),,ANO,True,True,False,True,0,2020,True,MO Ústí nad Labem - Střekov,Ústí nad Labem,Ústecký kraj,"MO Ústí nad Labem - Střekov, Ústí nad Labem, Ústecký kraj, Česká republika",True
304.0,"Chodov        (Sokolov, KVK)","Souhlasíte s výstavbou obchodního centra případně obchodního domu nap ozemcích p. č. 1338/1, 1338/4, 1371/2, 1376, 1385/3 v ulici U Porcelánky, Chodov?",2. - 3. 10. 2020,10791,0.2855,NE,"1 247 (11,55 %)","1 600 (14,82 %)",NE                 (2 698),,NE,True,False,False,True,0,2020,True,Chodov,Sokolov,Karlovarský kraj,"Chodov, Sokolov, Karlovarský kraj, Česká republika",True
305.0,"Nové Strašecí      (Rakovník, STČ)","1. Souhlasíte s tím, aby orgány města Nové Strašecí podnikly veškeré dostupné právní kroky, včetně změny územního plánu, aby zabránily zástavbě ploch Z94, Z95, Z111 dle stávajícího územního plánuu v oblsati Mackova hora stavbami průmyslových a skladovacích hal? ",2. - 3. 10. 2020,4383,0.5387,ANO,"2 105       (89,16 %)","117      (4,96 %) ",ANO             (1 096),,ANO,True,True,False,True,0,2020,True,Nové Strašecí,Rakovník,Střední čechy,"Nové Strašecí, Rakovník, Střední čechy, Česká republika",True
305.0,"Nové Strašecí      (Rakovník, STČ)","2. Souhlasíte s tím, aby oblast Mackova hora byla nadále využívána jako plocha přírody a krajiny?",2. - 3. 10. 2020,4383,0.5387,ANO,"2 058      (87,17 %)","136         (5,76 %) ",ANO             (1 096),hlasování neplatné,NE,True,True,False,False,0,2020,True,Nové Strašecí,Rakovník,Střední čechy,"Nové Strašecí, Rakovník, Střední čechy, Česká republika",True
306.0,"Lysá nad Labem (Nymburk, ÚSK)","Souhlasíte s tím, aby byty v Milovicích ve vlastnictví města Lysá nad Labem zůstaly i nadále majetkem města a nebyly prodány? ",2. - 3. 10. 2020,7492,0.4536,ANO,"2 531 (74,48 %)","664    (19,91 %)",ANO             (1 873),,ANO,True,True,False,True,0,2020,True,Lysá nad Labem,Nymburk,Ústecký kraj,"Lysá nad Labem, Nymburk, Ústecký kraj, Česká republika",True
307.0,"Mosty u Jablunkova (Frýdek-Místek, MSK)","Souhlasíte s tím, aby zastupitelstvo nebo rada Obce Mosty u Jablunkova schválila změnu názvu obce z názvu Mosty u Jablunkova na název Mosty?",2. - 3. 10. 2020,3067,0.5465,ANO,"207    (12,35 %)","1 458 (86,99 %)",ANO       (767),,ANO,True,True,True,True,767,2020,True,Mosty u Jablunkova,Frýdek-Místek,Moravskoslezský kraj,"Mosty u Jablunkova, Frýdek-Místek, Moravskoslezský kraj, Česká republika",True
308.0,"Lodín                           (Hradec Králové, HKK)",Otázka se týkala schválení nebo odmítnutí změny územního plánu umožňujícího rozšíření areálu skládky FCC Lodín,2. - 3. 10. 2020,325,0.6062,ANO,"101    (51,27 %)","95      (48,22 %)",ANO              (82),,ANO,True,True,True,True,82,2020,True,Lodín,Hradec Králové,Královéhradecký kraj,"Lodín, Hradec Králové, Královéhradecký kraj, Česká republika",True
309.0,"Zlín                               (Zlín, ZLK)","Souhlasíte s tím, aby statutární město Zlín při výkonu své samostatné působnosti nepokračovalo ve stávajícím provozním modelu provozování vodohospodářské infrastruktury, kdy je tato infrastruktura pronajímána společnosti MORAVSKÁ VODÁRENSKÁ a.s.?",2. - 3. 10. 2020,60566,0.3832,ANO,"18 874            (81,33 %)","2 416        (10,41 %)",ANO           (15 142),,ANO,True,True,False,True,0,2020,True,Zlín,Zlín,Zlínský kraj,"Zlín, Zlín, Zlínský kraj, Česká republika",True
310.0,"Řevnice                   (Praha-západ, STČ)","1. Souhlasíte s tím, aby město Řevnice učinilo veškeré kroky v samostatné působnosti k tomu, aby navrhovaná plocha areálu betonárny v Řevnicích (podle návrhu územního plánu prezentovaného na veřejném projednání v lednu 2018 území označené jako C3) umožňovala umístění staveb všech vyjmenovaných způsobů užití: občanská vybavenost (např. mateřská škola, ordinace lékařů, obchody, zařízení pro kulturu a sport jako jsou hřiště, služby), kanceláře, drobná nerušící výroba, bydlení, plochy s veřejnou zelení, parky, komunikace a technická infrastruktura?",2. - 3. 10. 2020,2697,0.512,ANO,"596          (43,16 %)","666            (48,23 %)",NE             (675),,ANO,True,True,False,True,675,2020,True,Řevnice,Praha-západ,Střední čechy,"Řevnice, Praha-západ, Střední čechy, Česká republika",True
310.0,"Řevnice                   (Praha-západ, STČ)"," 2. Souhlasíte s tím, aby město Řevnice učinilo veškeré kroky v samostatné působnosti tak, aby byly v území Na Vrážce na dvou částech ploch OP, uvedených v návrhu územního plánu prezentovaného na veřejném projednání v lednu 2018 a nacházejících se na pozemcích par. č. 3718/1, 3716/2 a 3725/1 v k.ú. Řevnice, nově vymazeny dvě plochy ""krajinné zeleně"", široké 30 m a přiléhající svou delší stranou k hranici ploch B7 a P, které jsou rovněž uvedeny v návrhu územního plánu prezentovaného na veřejném projednání v lednu 2018 a které se nacházejí na pozemcích parc. č. 3718/1, 3716/2 a 3725/1 v k.ú. Řevnice?",2. - 3. 10. 2020,2697,0.512,ANO,"1 041           (75,38 %)","212           (15,35 %)",ANO           (675),hlasování neplatné,NE,True,True,True,False,675,2020,True,Řevnice,Praha-západ,Střední čechy,"Řevnice, Praha-západ, Střední čechy, Česká republika",True
311.0,"Letohrad                    (Ústí nad Orlicí, PAK)","Souhlasíte, aby město Letohrad realizovalo rekonstrukci domu kultury s umístěním základní umělecké školy podle připravené realizační projektové dokumentace v předpokládané hodnotě 194,5 mil. Kč bez DPH, která má pravomocné stavební povolení a zajištěno financování?",2021-05-01 00:00:00,4993,0.488,ANO,"1 440 (59,08 %)","953      (39,1 %)",ANO             (1 249),,ANO,True,True,False,True,0,2021,True,Letohrad,Ústí nad Orlicí,Pardubický kraj,"Letohrad, Ústí nad Orlicí, Pardubický kraj, Česká republika",True
312.0,"Ševětín                 (České Budějovice, JHČ)","1. Souhlasíte s tím, aby zastupitelstvo městysu Ševětín zamítlo změnu územního plánu, na základě kterého by měla být vybudována nová technologická linka na zpracování kamene a jeho skladování na území městyse Ševětín v prostoru za bývalým zemědělským družstvem směrem na Mazelov?",08.-09.10.2021,1103,0.6174,ANO,"243    (35,68 %)","368    (54,04 %)",ANO       (276),,ANO,True,True,True,True,276,2021,True,Ševětín,České Budějovice,Jihočeský kraj,"Ševětín, České Budějovice, Jihočeský kraj, Česká republika",True
312.0,"Ševětín                 (České Budějovice, JHČ)","2. Jste PROTI provozu stávající drtící linky kamene a dalšímu prodlužování těžby v stávajícím lomu, které zásadně zhoršují životní podmínky, obtěžují prachem, hlukem, otřesy a dopravou, a souhlasíte s tím, aby zastupitelstvo městyse Ševětín podniklo veškeré kroky a opatření, aby dalšímu prodlužování těžby a drcení kamene v katastrálním území Ševětína zabránilo?",08.-09.10.2021,1103,0.6174,ANO,"258    (37,89 %)","357    (52,42 %)",ANO       (276),hlasování neplatné,NE,True,True,True,False,276,2021,True,Ševětín,České Budějovice,Jihočeský kraj,"Ševětín, České Budějovice, Jihočeský kraj, Česká republika",True
313.0,"Domousnice                 (Mladá Boleslav, STČ)","1. Souhlasíte s tím, aby zastupitelstvo obce podniklo kroky vedoucí k obnově Návesního rybníka v původním vzhledu, tedy s jednou vodní plochou o velikosti nad 2ha a průměrné hloubce blízké té původní cca 0,9 m.",2021-07-10 00:00:00,230,0.63,ANO,"94      (64,83 %)","39      (26,90 %)",ANO         (58),,ANO,True,True,True,True,58,2021,True,Domousnice,Mladá Boleslav,Střední čechy,"Domousnice, Mladá Boleslav, Střední čechy, Česká republika",True
313.0,"Domousnice                 (Mladá Boleslav, STČ)","2. Souhlasíte s tím, aby zastupitelstvo obce podniklo kroky vedoucí k revitalizaci Návesního rybníka (cca 1 ha) a větší průměrnou hloubkou (cca 1,5 m), s rozšířením          o parkovou úpravu okolí s cestami a dvěma tůněmi.",2021-07-10 00:00:00,230,0.63,ANO,"39      (26,90 %)","94      (64,83 %)",ANO         (58),hlasování neplatné,NE,True,True,True,False,58,2021,True,Domousnice,Mladá Boleslav,Střední čechy,"Domousnice, Mladá Boleslav, Střední čechy, Česká republika",True
314.0,"Podveky             (Kutná Hora, STČ)","1. Souhlasíte s tím, aby splaškovou kanalizaci a čističku odpadních vod v obci Podveky vlastnila Vodohospodářská společnost Vrchlice-Maleč a.s.; se sídlem Ku Ptáku 387, 284 01 Kutná Hora?",2021-05-14 00:00:00,176,0.795,ANO,"73      (52,14 %)","66      (47,14 %)",ANO             (44),,ANO,True,True,True,True,44,2021,True,Podveky,Kutná Hora,Střední čechy,"Podveky, Kutná Hora, Střední čechy, Česká republika",True
314.0,"Podveky             (Kutná Hora, STČ)","2. Souhlasíte s tím, aby splašková kanalizace byla vybudovaná v Podvlekách, v Ježovicích, v Útěchvostech a v Zalíbené?",2021-05-14 00:00:00,176,0.795,ANO,"89      (63,57 %)","24      (17,14 %)",ANO           (44),hlasování neplatné,NE,True,True,True,False,44,2021,True,Podveky,Kutná Hora,Střední čechy,"Podveky, Kutná Hora, Střední čechy, Česká republika",True
315.0,"Bzenec               (Hodonín, JHM)","Chcete, aby areál bzeneckého zámku - hlavní budova zámku, přilehlé budovy, park, prostranství, nádvoří, veškeré pozemky tohoto areálu a pod nimi se nacházející sklepy, nemovistosti označené v katastru nemovitostí Katastrálního úřadu pro Jihomoravský kraj, katastrální pracoviště Kyjov, na listu vlastnictví č. 10001 pro obec Bzenec, katastrální území Bzenec (617270) zůstaly ve vlastnictví města Bzenec?",08.-09.10.2021,3496,0.623,ANO,"1 416 (65,01 %)","677    (31,08 %)",ANO       (874),,ANO,True,True,True,True,874,2021,True,Bzenec,Hodonín,Jihomoravský kraj,"Bzenec, Hodonín, Jihomoravský kraj, Česká republika",True
316.0,"Měcholupy                  (Plzeň-jih, PLK)","Souhlasíte s tím, aby zastupitelstvo obce Měcholupy zabránilo všemi zákonnými prostředky společnosti Stavební práce KULE s.r.o., IČO 25242377, U nových domů II 528/3, 140 00 Praha-4-Krč, ve výstavbě betonárny v katastrálním území obce Měcholupy?",2021-06-19 00:00:00,178,0.5,ANO,"86                  (96,63 %)","1                   (1,12 %)",ANO         (45),,ANO,True,True,True,True,45,2021,True,Měcholupy,Plzeň-jih,Plzeňský kraj,"Měcholupy, Plzeň-jih, Plzeňský kraj, Česká republika",True
317.0,"Rynholec                       (Rakovník, STČ)","Chcete, aby na pozemku č. 865/11 v katastrálním území Rynholec (bývalá výsypka dolu ČSA) byla vybudována průmyslová/výrobní/logistická/skladová hala nebo jiný komplex podobného charakteru?",2021-06-26 00:00:00,768,0.404,ANO,"13                 (4,19 %)","282      (90,97 %)",ANO                (192),,ANO,True,True,True,True,192,2021,True,Rynholec,Rakovník,Střední čechy,"Rynholec, Rakovník, Střední čechy, Česká republika",True
318.0,"Srbsko                            (Beroun, STČ)","Požadujete, aby obec Srbsko učinila veškeré možné kroky v samostatné působnosti vedoucí k tomu, že změnou územního plánu obce Srbsko budou pozemky p.č. 236, 237, 337, 338, 341/1, 342/1 a 342/7, vše v k.ú. Srbsko u Karlštejna, vyňaty z ploch bydlení venkovského typu v rodinných domech (BV) a zařazeny do nezastavitelné plochy zemědělské - orná půda (NZ), případně plochy přírodní - trvalé travní porosty (NP)?",2021-07-02 00:00:00,431,0.538,ANO,"210    (90,52 %)","9           (3,88 %)",ANO        (108),,ANO,True,True,True,True,108,2021,True,Srbsko,Beroun,Střední čechy,"Srbsko, Beroun, Střední čechy, Česká republika",True
319.0,"Ohrobec                        (Praha - západ, STČ)","Požadujete, aby orgány obce Ohrobec učinily                       v samostatné působnosti veškeré možné kroky k tomu, aby zabránily výstavbě objektů pro rozšíření Základní školy a Mateřské školy Ohrobec, příspěvkové organizace, o druhý stupeň základní školy na části pozemku parcelní číslo 469/5 v obci a v katastrálním území Ohrobec, graficky vyznačené na připojeném plánku?",2021-07-30 00:00:00,1054,0.22,NE,"57      (24,57 %)","175    (75,43 %)",NE           (264),,NE,True,False,False,True,264,2021,True,Ohrobec,Praha - západ,Střední čechy,"Ohrobec, Praha - západ, Střední čechy, Česká republika",True
320.0,"Podolí                   (Brno - venkov, JHM)","Souhlasíte s tím, aby obec Podolí učinila v samostatné působnosti veškeré možné kroky směřující k tomu, aby případná výstavba v lokalitě Nad Paloukem odpovídala požadavkům platného Územního plánu obce Podolí maximálně v rozsahu výstavby dle Územní studie Podolí - lokalita Nad Paloukem, jejíž aktuálnost ověřil Městský úřad Šlapanice ke dni 29. 6. 2020 (územní studie), zejména aby obec Podolí:                                                               - Ve všech správních řízeních týkajících se výstavby v lokalitě Nad Paloukem  důsledně a aktivně hájila zájmy obce a jejich občanů, především aby uplatňovala námitky a připomínky tak, aby v lokalitě nevznikly jiné stavby pro bydlení než maximálně 48 rodinných domů     a aby tyto rodinné domy neměly více než jednu bytovou jednotku (při dodržení regulativů územní studie);               - Nečinila žádné kroky k pořízení nové územní studie pro lokalitu Nad Paloukem, která by umožnila intenzivnější výstavbu než stávající územní studie (zejména realizaci více než 48 rodinných domů s více než 1 bytovou jednotkou);                                                                                           - Nepodepsala smlouvu o spolupráci, plánovací smlouvu či jinou obdobnou smlouvu s developerem lokality PODOLÍ NAD PALOUKEM s.r.o., ani s žádným jiným stavebníkem, nebo vlastníkem pozemků, jestliže by tato smlouva byla v rozporu s výše uvedenými požadavky?                                                           ",08.-09.10.2021,1117,0.6679,ANO,"648    (86,86 %)","84      (11,26 %)",ANO       (280),,ANO,True,True,True,True,280,2021,True,Podolí,Brno - venkov,Jihomoravský kraj,"Podolí, Brno - venkov, Jihomoravský kraj, Česká republika",True
321.0,"Pardubice                     (Pardubice, PAK)","Souhlasíte s tím, aby při opravě Zelené brány byly obnoveny vnější omítky?",08.-09.10.2021,68049,0.484,ANO,"8 441 (25,61 %)","22 984 (69,72 %)",ANO           (17 013),,ANO,True,True,False,True,0,2021,True,Pardubice,Pardubice,Pardubický kraj,"Pardubice, Pardubice, Pardubický kraj, Česká republika",True
322.0,"Drnholec         (Břeclav, JHM)","Souhlasíte s tím, aby byly v katastrálním území obce Drnholec umístěny větrné elektrárny?",08.-09.10.2021,1429,0.569,ANO,"371    (45,63 %)","429    (52,77 %)",ANO       (358),,ANO,True,True,True,True,358,2021,True,Drnholec,Břeclav,Jihomoravský kraj,"Drnholec, Břeclav, Jihomoravský kraj, Česká republika",True
323.0,"Zduchovice (Příbram, STČ)","Souhlasíte s tím, aby zastupitelstvo obce Zduchovice podniklo v samostatné působnosti obce veškerá zákonná opatření pro povolení výstavby oplocení lesních ploch v katastrálním území obce Zduchovice, za účelem vzniku oborního chovu Jelena evropského, a to za podmínky zajištění celoročního přístupu občanů do obory po stávajících komunikacích a lesních cestách vstupními branami, včetně zajištění celoročního turistického přístupu na vyhlídku ""Na Altánku"", okolo oplocení obory?",08.-09.10.2021,260,0.715,ANO,"60      (32,26 %)","119    (63,98 %)",ANO         (65),,ANO,True,True,True,True,65,2021,True,Zduchovice,Příbram,Střední čechy,"Zduchovice, Příbram, Střední čechy, Česká republika",True
324.0,"Třemošnice (Chrudim, PAK)","1. Má Město Třemošnice jako jednotka územní samosprávy dále podporovat projekt výstavby nového provozu společnosti KOVOLIS HEDVIKOV a.s. v průmyslové zóně v Třemošnici označené v územním plánu ""Z4"", tj. podporovat jako vlastník nemovitostí a jako účastník správních řízení výstavbu nového závodu s lisovnou a tavírnou hliníku, obrobnou, nářaďovnou, mechanickými dílnami, skladem expedice, parkovištěm a správní budovou?",08.-09.10.2021,2394,0.6211,ANO,"362    (24,34 %)","954    (64,16 %)",ANO       (599),,ANO,True,True,True,True,599,2021,True,Třemošnice,Chrudim,Pardubický kraj,"Třemošnice, Chrudim, Pardubický kraj, Česká republika",True
324.0,"Třemošnice (Chrudim, PAK)","2. Má Město Třemošnice učinit všechny potřebné kroky ke změně ""Územního plánu města Třemošnice"", a celou či podstatnou část plochy označenou ""Z4"" a plochu ""Z5"" změnit na zónu určenou pro ""bydlení v rodinných domech"" a ""veřejné prostranství"" v zájmu plnění důležitého veřejného zájmu města?",08.-09.10.2021,2394,0.6211,ANO,"988    (66,44 %)","346    (23,27 %)",ANO       (599),hlasování neplatné,NE,True,True,True,False,599,2021,True,Třemošnice,Chrudim,Pardubický kraj,"Třemošnice, Chrudim, Pardubický kraj, Česká republika",True
325.0,"Jezeřany-Maršovice (Znojmo, JHM)","Souhlasíte se stavbou hasičské zbrojnice ve školním areálu, pozemku p.č. 1475 v k.ú. Maršovice?",08.-09.10.2021,622,0.5514,ANO,"159    (46,36 %)","162    (47,23 %)",NE           (156),,ANO,True,True,False,True,156,2021,True,Jezeřany-Maršovice,Znojmo,Jihomoravský kraj,"Jezeřany-Maršovice, Znojmo, Jihomoravský kraj, Česká republika",True
326.0,"Katovice (Strakonice, JHČ)","Jste pro to, aby zvolení zástupci obce jednali s ŘSD            o realizaci obchvatu kolem Katovic tak, jak je zanesen v platném územním plánu?",08.-09.10.2021,1075,0.6818,ANO,"618    (84,31 %)","85      (11,60 %)",ANO       (269),,ANO,True,True,True,True,269,2021,True,Katovice,Strakonice,Jihočeský kraj,"Katovice, Strakonice, Jihočeský kraj, Česká republika",True
327.0,"Příkosice (Rokycany, PLK)",Souhlasíte s vybudováním gravitační (spádové) kanalizace v obci Příkosice?,08.-09.10.2021,320,0.769,ANO,"169    (68,70 %)","64      (26,02 %)",ANO         (80),,ANO,True,True,True,True,80,2021,True,Příkosice,Rokycany,Plzeňský kraj,"Příkosice, Rokycany, Plzeňský kraj, Česká republika",True
328.0,"Sušice            (Klatovy, PLK)","Chcete, aby město Sušice aktivně podporovalo zdravotní péči v rozsahu: lůžková interna, lůžková chirurgie, JIP, následná péče, ambulance, komplement (RTG, SONO, laboratoř), včetně pořízení CT přístroje           v Sušické nemocnici?",08.-09.10.2021,8782,0.5561,ANO,"4 372 (89,52 %)","225      (4,61 %)",ANO             (2 196),,ANO,True,True,False,True,0,2021,True,Sušice,Klatovy,Plzeňský kraj,"Sušice, Klatovy, Plzeňský kraj, Česká republika",True
329.0,"Řevnice                   (Praha-západ, STČ)","Souhlasíte s tím, aby zastupitelstvo města Řevnice schválilo územní plán v podobě, která v návrhových plochách území bývalé Eurovie v Řevnicích (podle návrhu územního plánu prezentovaného na veřejném projednání v lednu 2018 se jedná o území C3) neumožní výstavbu jakýchkoli bytových domů a/nebo rodinných domů a jako jediné přípustné využití tohoto území se stanoví pouze: stavby občanské vybavenosti, a to zařízení školství a výchovy, zařízení kultury, zařízení tělovýchovy a sportu, veřejná prostranství, zeleň, drobná nerušící výroba a služby, místní komunikace?",08.-09.10.2021,2710,0.4661,ANO,"952    (75,38 %)","222    (17,58 %)",ANO       (678),,ANO,True,True,True,True,678,2021,True,Řevnice,Praha-západ,Střední čechy,"Řevnice, Praha-západ, Střední čechy, Česká republika",True
330.0,"Losiná                     (Plzeň-město, PLK)","Souhlasíte s tím, aby zastupitelstvo obce Losiná                  v samostatné působnosti obce již nepodnikalo žádné kroky směřující proti výstavbě betonárky v katastru obce Losiná?",08.-09.10.2021,1085,0.5816,ANO,"282    (44,69 %)","324    (51,35 %)",ANO       (272),,ANO,True,True,True,True,272,2021,True,Losiná,Plzeň-město,Plzeňský kraj,"Losiná, Plzeň-město, Plzeňský kraj, Česká republika",True
331.0,"Dačice       (Jindřichův Hradec, JHČ)","Upřednostňujete při rekonstrukci dolní křižovatky na Palackého náměstí průsečnou křižovatku s ""chytrými"" semafory v provozu 24 hodin denně před okružní křižovatkou o průměru 26 m?",08.-09.10.2021,5827,0.6339,ANO,"3 092 (83,70 %)","474    (12,83 %)",ANO             (1 457),,ANO,True,True,False,True,0,2021,True,Dačice,Jindřichův Hradec,Jihočeský kraj,"Dačice, Jindřichův Hradec, Jihočeský kraj, Česká republika",True
332.0,"Velký Beranov    (Jihlava, VYS)","Souhlasíte, aby orgány obce Velký Beranov                           v samostatné působnosti činily kroky ke změně územního plánu tak, aby na pozemcích parc. č. 1373/1, 1385/1, 1386/1, 1389/12, 1405, 1406/1, 1406/2, 1407/1, 1389/16, 1389/14, 1389/17, 1404/1, v katastrálním území Velký Beranov, obec Velký Beranov, mohlo dojít                k výstavbě objektu logistického areálu?",08.-09.10.2021,1052,0.788,ANO,"232    (27,98 %)","561    (67,67 %)",ANO       (263),,ANO,True,True,True,True,263,2021,True,Velký Beranov,Jihlava,Kraj Vysočina,"Velký Beranov, Jihlava, Kraj Vysočina, Česká republika",True
333.0,"Slavonice (Jindřichův Hradec, JHČ)",Upřednostňujete jednorázovou náhradu 6 ks sakur novými hlohy před postupným nahrazováním dožilých sakur hlohy (v úseku před domy čp. 477 - fara až čp. 482 - hotel Alfa na náměstí Míru ve Slavonicích?,08.-09.10.2021,1948,0.4353,ANO,"509    (60,02 %)","288    (33,96 %)",ANO       (487),,ANO,True,True,True,True,487,2021,True,Slavonice,Jindřichův Hradec,Jihočeský kraj,"Slavonice, Jindřichův Hradec, Jihočeský kraj, Česká republika",True
333.0,"Slavonice (Jindřichův Hradec, JHČ)",Upřednostňujete zadání zpracování variant rychlejší celkové obnovy stromořadí v parku (v souladu se zájmy ochrany životního prostředí) před možností nechat alej dožít v rámci běžné údržby?,08.-09.10.2021,1948,0.4353,ANO,"487    (57,43 %)","313    (36,91 %)",ANO       (487),hlasování neplatné,NE,True,True,True,False,487,2021,True,Slavonice,Jindřichův Hradec,Jihočeský kraj,"Slavonice, Jindřichův Hradec, Jihočeský kraj, Česká republika",True
334.0,"Blučina                 (Brno - venkov, JHM)",Má se náš plavecký bazén spolu se sportovní halou            a přilehlými pozemky dlouhodobě pronajmout po dobu déle jak 10 let?,08.-09.10.2021,1721,0.6531,ANO,"359    (31,94 %)","725    (64,50 %)",ANO       (431),,ANO,True,True,True,True,431,2021,True,Blučina,Brno - venkov,Jihomoravský kraj,"Blučina, Brno - venkov, Jihomoravský kraj, Česká republika",True
334.0,"Blučina                 (Brno - venkov, JHM)","Souhlasíte s tím, aby obec Blučina převedla vlastnické právo k plaveckému bazénu spolu se sportovní halou        a přilehlými pozemky v obci Blučina cizímu subjektu?",08.-09.10.2021,1721,0.6531,ANO,"84        (7,47 %)","978    (87,01 %)",ANO       (431),hlasování neplatné,NE,True,True,True,False,431,2021,True,Blučina,Brno - venkov,Jihomoravský kraj,"Blučina, Brno - venkov, Jihomoravský kraj, Česká republika",True
335.0,"Chuchelna    (Semily, LBK)","Souhlasíte s tím, aby obec Chuchelna v samostatné působnosti podnikla kroky k tomu, aby nedošlo                  k obnovení těžby v dobývacím prostoru Chuchelna na katastrálním území obce Chuchelna?",08.-09.10.2021,793,0.594,ANO,"382    (81,10 %)","75      (15,92 %)",ANO       (199),,ANO,True,True,True,True,199,2021,True,Chuchelna,Semily,Liberecký kraj,"Chuchelna, Semily, Liberecký kraj, Česká republika",True
336.0,"Řimovice   (Benešov, STČ)","Souhlasíte s tím, aby v katastrálním území obce Řimovice (745758), 258 01, byla realizována výstavba Stanice satelitních přístupových uzlů (nebo také Stanice satelitních přístupových uzlů (SAN) Viasat)?",2021-10-16 00:00:00,175,0.7543,ANO,"64      (48,48 %)","67      (50,76 %)",ANO         (44),,ANO,True,True,True,True,44,2021,True,Řimovice,Benešov,Střední čechy,"Řimovice, Benešov, Střední čechy, Česká republika",True
337.0,"Městský obvod Stará Bělá (Ostrava - město, MSK)","Souhlasíte se stavbou nákupního centra a hal pro lehký průmysl v lokalitě Junácká označeném v Územním plánu města Ostravy jako plocha č. P41 s navrženým způsobem využití ""Lehký průmysl""?",08.-09.10.2021,3248,0.7131,ANO,"197      (8,51 %)","2 086 (90,07 %)",ANO       (812),,ANO,True,True,True,True,812,2021,True,Městský obvod Stará Bělá,Ostrava - město,Moravskoslezský kraj,"Městský obvod Stará Bělá, Ostrava - město, Moravskoslezský kraj, Česká republika",True
338.0,"Blšany u Loun (Louny, ÚSK)","Vybudovat relaxační zónu na částech pozemků pč. 47/1, 47/3, 47/5 v katastrálním území Blšany u Loun?",08.-09.10.2021,295,0.722,ANO,"101    (47,42 %)","105    (49,30 %)",NE             (74),,ANO,True,True,False,True,74,2021,True,Blšany u Loun,Louny,Ústecký kraj,"Blšany u Loun, Louny, Ústecký kraj, Česká republika",True
339.0,"Tovačov          (Přerov, OLK)","Souhlasíte s rozšířením těžby štěrkopísku (hornických činností) na pozemcích ve vlastnictví města Tovačova zapsaných na LV č. 10001 v k. ú. Tovačov, obec Tovačov,   u Katastrálního úřadu pro Olomoucký kraj, KP Přerov        o výměře 104.219 m2 na parcelách č. 1835/152, 1835/153, 1835/171, 1835/173, 1835/215, 1835/212, 1838/28, 1855/2, 1871/49, 1871/50, 2989/4, 2989/7 a 2989/8?",08.-09.10.2021,1973,0.6001,ANO,"250    (21,11 %)","900    (76,01 %)",ANO       (494),,ANO,True,True,True,True,494,2021,True,Tovačov,Přerov,Olomoucký kraj,"Tovačov, Přerov, Olomoucký kraj, Česká republika",True
340.0,"Jáchymov      (Karlovy Vary, KVK)","Souhlasíte s tím, aby Zastupitelstvo města Jáchymov schválilo prodej pozemků ve vlastnictví města Jáchymov pro účely výstavby investičního záměru SKYWALK - STEZKA V OBLACÍCH na Klínovci?",08.-09.10.2021,1842,0.5418,ANO,"378    (37,88 %)","601    (60,22 %)",ANO       (461),,ANO,True,True,True,True,461,2021,True,Jáchymov,Karlovy Vary,Karlovarský kraj,"Jáchymov, Karlovy Vary, Karlovarský kraj, Česká republika",True
341.0,"Temelín            (České Budějovice, JHČ)",Souhlasíte s výstavbou Víceúčelové sportovní haly (zimní stadion) v obci Temelín?,08.-09.10.2021,698,0.6074,ANO,"258    (60,85 %)","144    (33,96 %)",ANO       (175),,ANO,True,True,True,True,175,2021,True,Temelín,České Budějovice,Jihočeský kraj,"Temelín, České Budějovice, Jihočeský kraj, Česká republika",True
342.0,"Soběslav          (Tábor, JHČ)","1. Souhlasíte s tím, aby město Soběslav bezodkladně podniklo veškeré kroky v samostatné působnosti, aby nemohlo dojít k výstavbě logistického centra na místě zastavitelných ploch Z12 a Z20 vymezených územním plánem Soběslav ve znění změny č. 1?",23.-24.09.2022,5548,0.3035,NE,"1 400 (83,14 %)","189    (11,22 %)",NE                 (1 387),,NE,True,False,False,True,0,2022,True,Soběslav,Tábor,Jihočeský kraj,"Soběslav, Tábor, Jihočeský kraj, Česká republika",True
342.0,"Soběslav          (Tábor, JHČ)","2. Souhlasíte s tím, aby město Soběslav bezodkladně podniklo veškeré kroky v samostatné působnosti, aby nemohlo dojít k výstavbě hal o zastavěné ploše stavby (každé haly) převyšující 10.000 m² na místě zastavitelných ploch Z12 a Z20 vymezených územních plánem Soběslav ve znění  změny č. 1?",23.-24.09.2022,5548,0.3035,NE,"1 427 (84,74 %)","158      (9,38 %)",NE                 (1 387),hlasování neplatné,NE,True,False,False,False,0,2022,True,Soběslav,Tábor,Jihočeský kraj,"Soběslav, Tábor, Jihočeský kraj, Česká republika",True
343.0,"Drnovice              (Zlín, ZLK)","Souhlasíte s tím, aby zastupitelstvo obce podniklo veškerá zákonná opatření v samostatné působnosti obce k tomu, aby podpořilo realizaci silničního obchvatu obce Drnovice, jehož předběžná trasa vychází z mapového podkladu dokumentu Technické studie Vodního díla Vlachovice, která byla dokončena v prosinci 2020?",08.-09.10.2021,335,0.6896,ANO,"177    (76,62 %)","42      (18,18 %)",ANO         (84),,ANO,True,True,True,True,84,2021,True,Drnovice,Zlín,Zlínský kraj,"Drnovice, Zlín, Zlínský kraj, Česká republika",True
344.0,"Sobíšky           (Přerov, OLK)","1. Souhlasíte se záměrem Ing. M. Zapletala (EM Dřevohostice s.r.o., IČ 26843463) vystavět a zprovoznit biofarmu pro nosnice na území obce Sobíšky?",2021-11-27 00:00:00,133,0.6842,ANO,"3           (3,30 %)","82      (90,11 %)",ANO         (34),,ANO,True,True,True,True,34,2021,True,Sobíšky,Přerov,Olomoucký kraj,"Sobíšky, Přerov, Olomoucký kraj, Česká republika",True
344.0,"Sobíšky           (Přerov, OLK)","2. Souhlasíte s tím, aby Zastupitelstvo obce Sobíšky podniklo kroky potřebné k zabránění realizace tohoto záměru?",2021-11-27 00:00:00,133,0.6842,ANO,"87      (95,60 %)","3           (3,30 %)",ANO         (34),hlasování neplatné,NE,True,True,True,False,34,2021,True,Sobíšky,Přerov,Olomoucký kraj,"Sobíšky, Přerov, Olomoucký kraj, Česká republika",True
345.0,"Ostrov            (Karlovy Vary, KVK)","Souhlasíte s tím, aby zastupitelstvo města neschválilo změnu č. 3 Územního plánu Ostrov?",2022-02-18 00:00:00,13031,0.1866,NE,"2 249 (92,48 %)","158      (6,50 %)",NE                 (3 258),,NE,True,False,False,True,0,2022,True,Ostrov,Karlovy Vary,Karlovarský kraj,"Ostrov, Karlovy Vary, Karlovarský kraj, Česká republika",True
346.0,"Koloveč (Domažlice, PLK)","Souhlasíte s tím, aby zastupitelstvo městyse Koloveč podnikalo v rámci své samostatné působnosti kroky směřující k podpoře výstavby dvou větrných elektráren na území městyse Koloveč, ve vzdálenosti minimálně      1 000 metrů od zastavěného území městyse, směrem na Nové Dvory u Močerad a s tím související kroky směřující k přijetí finanční dotace od investora a provozovatele těchto větrných elektráren v řádech milionů Kč a k jejich využití na další rozvoj městyse Koloveč, včetně krytí většiny nákladů na provoz systému komunálních odpadů (snížení poplatku na odpady pro poplatníky) a také na vyšší podporu činnosti spolků a sdružení působících v městysi Koloveč?",2022-02-26 00:00:00,811,0.4723,ANO,"131    (34,20 %)","243    (63,45 %)",ANO       (203),,ANO,True,True,True,True,203,2022,True,Koloveč,Domažlice,Plzeňský kraj,"Koloveč, Domažlice, Plzeňský kraj, Česká republika",True
347.0,"Říčany               (Praha-východ, STČ)","Souhlasíte s tím, aby město Říčany (resp. jeho orgány) činilo v samostatné působnosti bez zbytečného odkladu takové kroky, které budou působit na orgány města          v přenesené působnosti a budou směřovat ke zrušení dopravních regulací zavedených v rámci projektu Parkuj dobře v Říčanech?",2022-02-15 00:00:00,11701,0.2006,NE,"2 172 (92,54 %)","147      (6,26 %)",NE                 (2 926),,NE,True,False,False,True,0,2022,True,Říčany,Praha-východ,Střední čechy,"Říčany, Praha-východ, Střední čechy, Česká republika",True
349.0,"Chýšť        (Pardubice, PAK)","Souhlasíte s poskytnutím obecních pozemků pod označením  Z9 a Z10 dle územního plánu obce Chýšť, k.ú. Chýšť k výstavbě průmyslové zóny?",23.-24.09.2022,173,0.8382,ANO,"48      (33,10 %)","95      (65,52 %)",ANO         (44),,ANO,True,True,True,True,44,2022,True,Chýšť,Pardubice,Pardubický kraj,"Chýšť, Pardubice, Pardubický kraj, Česká republika",True
350.0,"Čerčany      (Benešov, STČ)",1. Souhlasíte se zákazem zařazování dalších ploch               o velikosti větší než 10 000 m² v okolí zastavěného území obce Čerčany do územního plánu jako ploch bydlení?,23.-24.09.2022,2252,0.5431,ANO,"868    (70,97 %)","210    (17,17 %)",ANO       (563),,ANO,True,True,True,True,563,2022,True,Čerčany,Benešov,Střední čechy,"Čerčany, Benešov, Střední čechy, Česká republika",True
350.0,"Čerčany      (Benešov, STČ)","2. Souhlasíte s vypuštěním plochy Z1-29 ""Velký Barochov"" (tvořené zejména pozemkem parcelní číslo 1228/1 k.ú. Čerčany) ze zastavitelného území v rámci územního plánu obce Čerčany a s jejím ponecháním v nezastavitelném území?",23.-24.09.2022,2252,0.5431,ANO,"872    (71,30 %)","200    (16,35 %)",ANO       (563),hlasování neplatné,NE,True,True,True,False,563,2022,True,Čerčany,Benešov,Střední čechy,"Čerčany, Benešov, Střední čechy, Česká republika",True
351.0,"Janov              (Svitavy, PAK)",Jste pro výstavbu ZOO v k.ú. Janov u Litomyšle?,23.-24.09.2022,760,0.6421,ANO,"197    (40,37 %)","273    (55,94 %)",ANO       (190),,ANO,True,True,True,True,190,2022,True,Janov,Svitavy,Pardubický kraj,"Janov, Svitavy, Pardubický kraj, Česká republika",True
352.0,"Náklo         (Olomouc, OLK)","Má obec Náklo při výkonu své samostatné působnosti využít všech zákonných prostředků (zejména z titulu schvalovatele územního plánu, účastníka správních řízení a vlastníka pozemků), aby zabránila rozšíření těžby štěrkopísku na svých pozemcích?",23.-24.09.2022,1181,0.4936,ANO,"366    (62,78 %)","139    (23,84 %)",ANO       (296),,ANO,True,True,True,True,296,2022,True,Náklo,Olomouc,Olomoucký kraj,"Náklo, Olomouc, Olomoucký kraj, Česká republika",True
353.0,"Veverská Bítýška (Brno-venkov, JHM)","Požadujete, aby orgány obce Veverská Bítýška aktivně vyvíjely v rámci své samostatné působnosti maximální možné a přípustné úsilí k tomu, aby bylo v maximální možné míře eliminováno riziko vzniku a šíření zápachu ze vznikající laminační linky na území města?",23.-24.09.2022,2556,0.4394,ANO,"979    (87,18 %)","71        (6,32 %)",ANO       (639),,ANO,True,True,True,True,639,2022,True,Veverská Bítýška,Brno-venkov,Jihomoravský kraj,"Veverská Bítýška, Brno-venkov, Jihomoravský kraj, Česká republika",True
354.0,"Velké Přítočno (Kladno, STČ)","1. Souhlasíte s tím, aby zastupitelstvo obce Velké Přítočno bezodkladně podniklo veškeré kroky                     v samostatné působnosti, aby nemohlo dojít k výstavbě komplexu bytových domů dle projektu „nové přítočno I“ na místě zastavitelných ploch Z03, Z04, Z05 a Z06 vymezených územním plánem Velkého Přítočna ve znění změny č. 1   a č. 2?",23.-24.09.2022,807,0.6691,ANO,"248    (45,93 %)","228    (42,22 %)",NE           (202),,ANO,True,True,False,True,202,2022,True,Velké Přítočno,Kladno,Střední čechy,"Velké Přítočno, Kladno, Střední čechy, Česká republika",True
354.0,"Velké Přítočno (Kladno, STČ)","2. Souhlasíte s tím, aby zastupitelstvo obce Velké Přítočno vydalo negativní stanovisko (podalo nesouhlasné námitky a podniklo veškeré kroky k jejich prosazení) do územního řízení ve věci výstavby komplexu bytových domů dle projektu „nové přítočno I“ na místě zastavitelných ploch Z03, Z04, Z05 a Z06 vymezených územním plánem Velkého Přítočna ve znění změny č. 1   a č. 2 zahájeného odborem výstavby Magistrátu města Kladna a negativní stanovisko (nesouhlasné námitky) vydalo i do případného následného řízení stavebního?",23.-24.09.2022,807,0.6691,ANO,"245    (45,37 %)","219    (40,56 %)",NE           (202),hlasování neplatné,NE,True,True,False,False,202,2022,True,Velké Přítočno,Kladno,Střední čechy,"Velké Přítočno, Kladno, Střední čechy, Česká republika",True
354.0,"Velké Přítočno (Kladno, STČ)","3. Souhlasíte s tím, aby zastupitelstvo obce Velké Přítočno podniklo v samostatné působnosti veškeré kroky vedoucí ke změně územního plánu Velkého Přítočna u zastavitelných ploch Z03, Z04, Z05 a Z06, a to tak, aby využití pozemků parc. č. 121/4, 121/5, 121/6          a 121/82 bylo změněno z SV (smíšené obytné venkovské) na BV (bydlení venkovské)?",23.-24.09.2022,807,0.6691,ANO,"251    (46,48 %)","216    (40,00 %)",NE           (202),hlasování neplatné,NE,True,True,False,False,202,2022,True,Velké Přítočno,Kladno,Střední čechy,"Velké Přítočno, Kladno, Střední čechy, Česká republika",True
355.0,"Čeperka (Pardubice, PAK)",Souhlasíte s umístěním stavby spalovny odpadů nebo jiného zařízení na energetické využití odpadů nebo           k odstranění odpadů jejich spalováním či spoluspalováním v katastrálním území obce Čeperky?,23.-24.09.2022,898,0.5791,ANO,"201    (38,65 %)","299      (57,5 %)",ANO       (225),,ANO,True,True,True,True,225,2022,True,Čeperka,Pardubice,Pardubický kraj,"Čeperka, Pardubice, Pardubický kraj, Česká republika",True
356.0,"Jenišov           (Karlovy Vary, KVK)","Souhlasíte s budoucí výstavbou bytových domů na území obce Jenišov (tj. domů s více než třemi samostatnými byty, dvěma nadzemními a jedním podzemním podlažím a podkrovím, na území obce Jenišov?",23.-24.09.2022,756,0.5728,ANO,"63      (14,55 %)","356    (82,22 %)",ANO       (189) ,,ANO,True,True,False,True,189,2022,True,Jenišov,Karlovy Vary,Karlovarský kraj,"Jenišov, Karlovy Vary, Karlovarský kraj, Česká republika",True
357.0,"Svatý Jan nad Malší (České Budějovice, JHČ)","Souhlasím s výstavbou obecního bytového domu na parcelách č. 175, 192, 4620/1, 4621, 4622, 4623 v k. ú. Svatý Jan nad Malší, které jsou ve vlastnictví obce, maximální počet bytů bude 10, využitelnost přednostně pro místní občany.",23.-24.09.2022,472,0.6356,ANO,"161    (53,67 %)","119    (39,67 %)",ANO       (118),,ANO,True,True,True,True,118,2022,True,Svatý Jan nad Malší,České Budějovice,Jihočeský kraj,"Svatý Jan nad Malší, České Budějovice, Jihočeský kraj, Česká republika",True
358.0,"Květnice          (Praha-východ, STČ)","1. Souhlasíte s tím, aby zastupitelstvo obce Květnice podnikalo další kroky směřující k zabránění demolici vily v centru obce v jihovýchodní části pozemku 57/1?",23.-24.09.2022,1237,0.5255,ANO,"388    (59,69 %)","253    (38,92 %)",ANO       (310),,ANO,True,True,True,True,310,2022,True,Květnice,Praha-východ,Střední čechy,"Květnice, Praha-východ, Střední čechy, Česká republika",True
358.0,"Květnice          (Praha-východ, STČ)","2. Souhlasíte s tím, aby zastupitelstvo obce Květnice bylo povinno podniknout všechny zákonné kroky ke schválení změny územního plánu Květnice takto?
PRO OBYTNÉ DOMY, tedy stavby pro bydlení ve smyslu    § 2 písm. a) vyhlášky č. 501/2006 Sb., na celém území obce, musí obsahovat podmínku, že PLOCHÉ STŘECHY jsou NEPŘÍPUSTNÉ.",23.-24.09.2022,1237,0.5255,ANO,"440    (67,69 %)","187    (28,77 %)",ANO       (310),hlasování neplatné,NE,True,True,True,False,310,2022,True,Květnice,Praha-východ,Střední čechy,"Květnice, Praha-východ, Střední čechy, Česká republika",True
358.0,"Květnice          (Praha-východ, STČ)","3. Souhlasíte s tím, aby zastupitelstvo obce Květnice bylo povinno podniknout všechny zákonné kroky ke schválení změny územního plánu Květnice takto?
PRO OBYTNÉ DOMY, tedy stavby pro bydlení ve smyslu    § 2 písm. a) vyhlášky č. 501/2006 Sb., na celém území obce musí obsahovat podmínku MAXIMÁLNĚ DVOU NADZEMNÍCH PODLAŽÍ s možným obytným podkrovím?",23.-24.09.2022,1237,0.5255,ANO,"355    (54,62 %)","275    (42,31 %)",ANO       (310),hlasování neplatné,NE,True,True,True,False,310,2022,True,Květnice,Praha-východ,Střední čechy,"Květnice, Praha-východ, Střední čechy, Česká republika",True
358.0,"Květnice          (Praha-východ, STČ)","4. Souhlasíte s tím, aby zastupitelstvo obce Květnice bylo povinno podniknout všechny zákonné kroky ke schválení změny územního plánu Květnice takto?
PRO POLYFUNKČNÍ DOMY, tedy domy s více než 50 % čisté podlahové plochy občanské vybavenosti, na plochách SK, což jsou plochy smíšené obytné komerční určené pro bydlení a občanskou vybavenost, mohly zůstat ZACHOVÁNY PLOCHÉ STŘECHY s podmínkou, že pokud se bude jednat o podlaží třetí, musí jít o souměrně ustoupené podlaží, přičemž plocha tohoto podlaží musí být nejméně o 20 % menší, než je plocha prvního nadzemního podlaží.",23.-24.09.2022,1237,0.5255,ANO,"295    (45,38 %)","329    (50,62 %)",ANO       (310),hlasování neplatné,NE,True,True,True,False,310,2022,True,Květnice,Praha-východ,Střední čechy,"Květnice, Praha-východ, Střední čechy, Česká republika",True
358.0,"Květnice          (Praha-východ, STČ)","5. Souhlasíte s tím, aby zastupitelstvo obce Květnice bylo povinno podniknout všechny zákonné kroky ke schválení změny územního plánu Květnice takto?
PRO POLYFUNKČNÍ DOMY, tedy domy s více než 50 % čisté podlahové plochy občanské vybavenosti, na plochách SK, což jsou plochy smíšené obytné komerční určené pro bydlení a občanskou vybavenost, mohly zůstat ZACHOVÁNY TŘI NADZEMNÍ PODLAŽÍ s podmínkou, že pokud se bude jednat o podlaží třetí, musí jít o obytné podkroví, nebo souměrně ustoupené podlaží o nejméně 20 % než je plocha prvního nadzemního podlaží?",23.-24.09.2022,1237,0.5255,ANO,"286    (44,00 %)","336    (51,69 %)",ANO       (310),hlasování neplatné,NE,True,True,True,False,310,2022,True,Květnice,Praha-východ,Střední čechy,"Květnice, Praha-východ, Střední čechy, Česká republika",True
359.0,"Vrčeň                              (Plzeň-jih, PLK)","Souhlasíte, aby obec Vrčeň učinila veškeré právní kroky k uzavření nájemní smlouvy na dobu neurčitou na pronájem Opatského rybníka se současným nájemníkem Spolkem Vrčeň, dle nabídky Spolku Vrčeň projednané Zastupitelstvem obce dne 11. 7. 2022?",23.-24.09.2022,265,0.717,ANO,"147    (77,37 %)","37      (19,47 %)",ANO         (67),,ANO,True,True,True,True,67,2022,True,Vrčeň,Plzeň-jih,Plzeňský kraj,"Vrčeň, Plzeň-jih, Plzeňský kraj, Česká republika",True
360.0,"Jemnice           (Třebíč, VYS)","1. Souhlasíte s tím, aby město Jemnice v rámci samostatné působnosti činilo veškeré kroky k tomu, aby na území města Jemnice nemohlo dojít ke vzniku či zprovoznění chovu či skupiny chovů hospodářských zvířat v jedné lokalitě o celkové ustájovací kapacitě větší než 200 dobytčích jednotek (DJ)?
Pozn.: 1 dobytčí jednotka (DJ) = 500 kg živé hmotnosti zvířete. Propočítáním na jednotlivé kategorie zvířat se provede dle koeficientů v příloze č. 1 k vyhlášce                č. 377/2013 Sb. část C)",23.-24.09.2022,3229,0.5983,ANO,"1 140 (59,01 %)","660    (34,16 %)",ANO       (808),,ANO,True,True,True,True,808,2022,True,Jemnice,Třebíč,Kraj Vysočina,"Jemnice, Třebíč, Kraj Vysočina, Česká republika",True
360.0,"Jemnice           (Třebíč, VYS)","2. Souhlasíte s tím, aby město Jemnice v rámci samostatné působnosti činilo veškeré kroky k tomu, aby změnou územního plánu města Jemnice nemohla vzniknout plocha zemědělské výroby (VZ) o velikosti větší než 10.000 m2, která by umožňovala výstavbu stájí?",23.-24.09.2022,3229,0.5983,ANO,"1 131 (58,54 %)","667    (34,52 %)",ANO       (808),hlasování neplatné,NE,True,True,True,False,808,2022,True,Jemnice,Třebíč,Kraj Vysočina,"Jemnice, Třebíč, Kraj Vysočina, Česká republika",True
360.0,"Jemnice           (Třebíč, VYS)","3. Souhlasíte s tím, aby město Jemnice v rámci samostatné působnosti činilo veškeré kroky k tomu, aby na území města Jemnice nemohlo dojít k výstavbě či zprovoznění závodu na porážku a zpracování zvířat (jatka) o celkové kapacitě porážky větší než 400.000 kg ročně?",23.-24.09.2022,3229,0.5983,ANO,"1 115 (57,71 %)","680    (35,20 %)",ANO       (808),hlasování neplatné,NE,True,True,True,False,808,2022,True,Jemnice,Třebíč,Kraj Vysočina,"Jemnice, Třebíč, Kraj Vysočina, Česká republika",True
360.0,"Jemnice           (Třebíč, VYS)","4. Souhlasíte s tím, aby město Jemnice v rámci samostatné působnosti činilo veškeré kroky k tomu, aby v územním plánu města Jemnice plocha zemědělské výroby (VZ) při ulici Slavonická byla změněna na plochu smíšenou venkovskou (SV) umožňující mimo jiné také výstavbu rodinných domů?",23.-24.09.2022,3229,0.5983,ANO,"1 089 (56,37 %)","711    (36,80 %)",ANO       (808),hlasování neplatné,NE,True,True,True,False,808,2022,True,Jemnice,Třebíč,Kraj Vysočina,"Jemnice, Třebíč, Kraj Vysočina, Česká republika",True
361.0,"Kalek       (Chomutov, ÚSK)","1. Souhlasíte s tím, aby zastupitelstvo obce Kalek v samostatné působnosti při projednávání nového územního plánu odsouhlasilo návrh zástavby u bývalé hájovny v lokalitě „Za Vydrou“ a „Před Vydrou“ – pozemky parc. č. 84/3 (trvalý travní porost) a 84/2 (trvalý travní porost) v katastrálním území Načetín u Kalku (v ÚP označeno jako Z2)?",23.-24.09.2022,212,0.7028,ANO,"61      (40,94 %)","85      (57,05 %",ANO         (53),,ANO,True,True,True,True,53,2022,True,Kalek,Chomutov,Ústecký kraj,"Kalek, Chomutov, Ústecký kraj, Česká republika",True
361.0,"Kalek       (Chomutov, ÚSK)","2. Souhlasíte s tím, aby zastupitelstvo obce Kalek v samostatné působnosti při projednávání nového územního plánu odsouhlasilo návrh satelitní zástavby na pozemku parc. č. 84/6 (trvalý travní porost) v katastrálním území Načetín u Kalku (v ÚP označeno jako Z 50)?",23.-24.09.2022,212,0.7028,ANO,"61      (40,94 %)","83      (55,70 %)",ANO         (53),hlasování neplatné,NE,True,True,True,False,53,2022,True,Kalek,Chomutov,Ústecký kraj,"Kalek, Chomutov, Ústecký kraj, Česká republika",True
361.0,"Kalek       (Chomutov, ÚSK)","3. Souhlasíte s tím, aby zastupitelstvo obce Kalek v samostatné působnosti při projednávání nového územního plánu odsouhlasilo návrh satelitní zástavby na pozemku parc. č. 106/1 (ostatní plocha) v katastrálním území Kalek (v ÚP označeno jako Z 22)?",23.-24.09.2022,212,0.7028,ANO,"59      (39,60 %)","85      (57,05 %",ANO         (53),hlasování neplatné,NE,True,True,True,False,53,2022,True,Kalek,Chomutov,Ústecký kraj,"Kalek, Chomutov, Ústecký kraj, Česká republika",True
362.0,"Nová Ves         (Plzeň-jih, PLK)","1. Souhlasíte s tím, aby obec Nová Ves v samostatné působnosti učinila všechny možné kroky směřující             k tomu, aby byla ze Zásad územního rozvoje, a pokud to bude nutné i z nadřazených nástrojů územního plánování, odstraněna křižovatka Nová Ves – napojení strategického podnikatelského parku Plzeň – Líně ve smyslu usnesení Vlády ČR č. 647 ze dne 27. 7. 2022 a ve smyslu Zásad územního rozvoje Plzeňského kraje na dálnici D5 (sjezd D5/2)?",23.-24.09.2022,232,0.5948,ANO,"119     (86,23 %)","4           (2,90 %)",ANO         (58),,ANO,True,True,True,True,58,2022,True,Nová Ves,Plzeň-jih,Plzeňský kraj,"Nová Ves, Plzeň-jih, Plzeňský kraj, Česká republika",True
362.0,"Nová Ves         (Plzeň-jih, PLK)","2. Souhlasíte s tím, aby obec Nová Ves v samostatné působnosti podnikla veškeré možné kroky k tomu, aby zabránila realizaci strategického podnikatelského parku Plzeň – Líně, zejména aby se jako vlastník pozemků veškerými způsoby souladnými s právním řádem bránila poskytnutí pozemků ve svém vlastnictví pro potřeby realizace strategického podnikatelského parku Plzeň Líně, po dobu 24 měsíců od platnosti referenda?",23.-24.09.2022,232,0.5948,ANO,"121    (87,68 %","2           (1,45 %)",ANO         (58),hlasování neplatné,NE,True,True,True,False,58,2022,True,Nová Ves,Plzeň-jih,Plzeňský kraj,"Nová Ves, Plzeň-jih, Plzeňský kraj, Česká republika",True
363.0,"Slatinice    (Olomouc, OLK)","Souhlasíte s prodejem Domu služeb č.p. 26, Slatinice (parc. č. 97) a přilehlé zahrady (parc. č. 43/1) do vlastnictví Olomouckého kraje za účelem adaptace objektu na sociální službu domova pro osoby se středním mentálním postižením včetně přidružených smyslových nebo tělesných omezení?",2022-11-16 00:00:00,1303,0.3062,NE,"25        (6,27 %)","365    (91,48 %)",NE           (326),,NE,True,False,False,True,326,2022,True,Slatinice,Olomouc,Olomoucký kraj,"Slatinice, Olomouc, Olomoucký kraj, Česká republika",True
364.0,"Milovice          (Nymburk, STČ)","1. Souhlasíte se zachováním stavu a způsobem využití Hakenova stadionu na pozemku p. č. 1751/6 v k. ú. Milovice nad Labem tak, jak byl schválen v územním plánu města v roce 2016 jako plocha veřejného prostranství a veřejné zeleně, za použití všech zákonných pravomocí orgánů města?",2022-11-05 00:00:00,8396,0.07146,NE,540          (90 %),"34        (5,67 %)",NE                 (2 099),,NE,True,False,False,True,0,2022,True,Milovice,Nymburk,Střední čechy,"Milovice, Nymburk, Střední čechy, Česká republika",True
364.0,"Milovice          (Nymburk, STČ)","2. Souhlasíte s tím, aby pozemek ve vlastnictví města Milovice p. č. 1751/6 v k. ú. Milovice nad Labem, na kterém leží Hakenův stadion, zůstal v majetku města?",2022-11-05 00:00:00,8396,0.07146,NE,"529    (88,17 %)","33           (5,5 %)",NE                 (2 099),hlasování neplatné,NE,True,False,False,False,0,2022,True,Milovice,Nymburk,Střední čechy,"Milovice, Nymburk, Střední čechy, Česká republika",True
365.0,"Horní Řasnice (Liberec, LBK)","Souhlasíte s tím, aby obecní zastupitelstvo Horní Řasnice neprodleně zastavilo všechny kroky k výstavbě větrných elektráren s firmou WEB Větrná energie s.r.o., IČ 26282895, se sídlem Ríšova 149/21, Žebětín, 641 00 Brno na území obce a odmítlo takto navrhovanou úpravu územního plánu?",13.-14.01.2023,187,0.6096,ANO,"60      (52,63 %)","53      (46,49 %)",ANO         (47),,ANO,True,True,True,True,47,2023,True,Horní Řasnice,Liberec,Liberecký kraj,"Horní Řasnice, Liberec, Liberecký kraj, Česká republika",True
366.0,"Opatovice nad Labem             (Pardubice, PAK)","Požadujete, aby orgány obce Opatovice nad Labem učinily v samostatné působnosti veškeré možné kroky    k tomu, aby zabránily výstavbě průmyslové, výrobní, logistické, montážní nebo skladové haly na pozemcích parc. č. 2129, 2124, 2123, 2126, 2120, 2127, 2119/2, 2118/2, 2116, 2115/1 a st. p. č. 521/1, vše k. ú. Opatovice nad Labem?",13.-14.01.2023,2039,0.5978,ANO,"682    (55,95 %)","474    (38,88 %)",ANO       (510),,ANO,True,True,True,True,510,2023,True,Opatovice nad Labem,Pardubice,Pardubický kraj,"Opatovice nad Labem, Pardubice, Pardubický kraj, Česká republika",True
367.0,"Sudice             (Opava, MSK)",Větrné elektrárny v katastru obce?,2022-11-26 00:00:00,519,0.7091,ANO,"225    (61,14 %)","134    (36,41 %)",ANO       (130),,ANO,True,True,True,True,130,2022,True,Sudice,Opava,Moravskoslezský kraj,"Sudice, Opava, Moravskoslezský kraj, Česká republika",True
368.0,"MČ Praha - Řeporyje        (Praha, PHA)","Souhlasíte s tím, aby Městská část Praha – Řeporyje ve své samostatné působnosti bezodkladně podnikla veškeré zákonné kroky proti výstavbě bytových domů na místě bývalého Trunečkova mlýna v přírodním parku Prokopské a Dalejské údolí?",13.-14.01.2023,3411,0.5154,ANO,"1 366 (77,70 %)","316    (17,87 %)",ANO       (853),,ANO,True,True,True,True,853,2023,True,MČ Praha - Řeporyje,Praha,Hlavní město Praha,"MČ Praha - Řeporyje, Praha, Hlavní město Praha, Česká republika",True
369.0,"Horní Bludovice (Karviná, MSK)","Souhlasíte s tím, aby orgány obce Horní Bludovice učinily v samostatné působnosti veškeré možné kroky k tomu, aby zabránily výstavbě jakékoliv stavby sloužící ke zpracování, lisování, výrobě anebo sterilizaci plastových výrobků na pozemcích parc. č. 88/3, 88/6, 88/18, 288/1 st., 288/5 st., 337 st., 385 st., 386 st. a 387 st., vše v katastrálním území Prostřední Bludovice (plocha P1 vymezená v územním plánu obce Horní Bludovice)?",13.-14.01.2023,2037,0.649,ANO,"942    (71,26 %)","313    (23,68 %)",ANO       (510),,ANO,True,True,True,True,510,2023,True,Horní Bludovice,Karviná,Moravskoslezský kraj,"Horní Bludovice, Karviná, Moravskoslezský kraj, Česká republika",True
370.0,"Dobříš           (Příbram, STČ)","Souhlasíte, aby zastupitelstvo města Dobříš bez zbytečných odkladů a v souladu s právními předpisy schválilo takovou změnu územního plánu města Dobříš, která v lokalitě Brodce vyjme ze zastavitelných ploch pozemky, které byly ke dni vyhlášení tohoto referenda (27.09.2022) ve vlastnictví města Dobříše, s výjimkou pozemku parcelní číslo 1896/194 v katastrálním území Dobříš, který je zařazen do plochy využitelné pro občanské vybavení – tělovýchovné a sportovní zařízení?",13.-14.01.2023,6784,0.5436,ANO,"2 430 (65,89 %)","978    (26,52 %)",ANO             (1 696),,ANO,True,True,False,True,0,2023,True,Dobříš,Příbram,Střední čechy,"Dobříš, Příbram, Střední čechy, Česká republika",True
370.0,"Dobříš           (Příbram, STČ)","Souhlasíte, aby zastupitelstvo města Dobříš zachovalo v územním plánu stanovené zásady etapizace, kde je mimo jiné určeno, že z obytných ploch by neměla být zahajována výstavba v dalších lokalitách do doby realizace velké většiny rodinných domů v lokalitách: Nad Papežem, Javorová, Na Kole, Západní zóna, a při nejbližší změně územního plánu upřesnilo, že velkou většinou se v tomto rozumí nejméně 85 %?",13.-14.01.2023,6784,0.5436,ANO,"2 496 (67,68 %)","910    (24,67 %)",ANO             (1 696),hlasování neplatné,NE,True,True,False,False,0,2023,True,Dobříš,Příbram,Střední čechy,"Dobříš, Příbram, Střední čechy, Česká republika",True
370.0,"Dobříš           (Příbram, STČ)","Má územní plán města Dobříše i jeho změny vylučovat rozšíření možnosti zástavby v okolní krajině oproti současnému stavu v lokalitách, které byly ke dni vyhlášení tohoto referenda (27.09.2022) nezastavěným územím, s výjimkou případů, kdy by nutnost změny vyplývala z právního předpisu nebo kdyby se jednalo o veřejně prospěšné stavby?",13.-14.01.2023,6784,0.5436,ANO,"2 496 (67,68 %)","906    (24,57 %)",ANO             (1 696),hlasování neplatné,NE,True,True,False,False,0,2023,True,Dobříš,Příbram,Střední čechy,"Dobříš, Příbram, Střední čechy, Česká republika",True
371.0,"Huzová      (Olomouc, OLK)",Souhlasíte s projekční přípravou a případnou výstavbou nové budovy obecního úřadu?,2023-02-25 00:00:00,446,0.2556,NE,"16      (14,03 %)","96      (84,21 %)",NE           (112),,NE,True,False,False,True,112,2023,True,Huzová,Olomouc,Olomoucký kraj,"Huzová, Olomouc, Olomoucký kraj, Česká republika",True
372.0,"Ptenín               (Plzeň-jih, PLK)","Souhlasíte s tím, aby zastupitelstvo obce Ptenín podnikalo v rámci své samostatné působnosti kroky směřující k podpoře výstavby větrných elektráren na území obce Ptenín, při splnění hygienické normy ČR, směrem na obec Bolkov a s tím související kroky směřující k přijetí finanční dotace od investora a provozovatele těchto větrných elektráren v řádech milionů korun a k jejich využití na další rozvoj obce Ptenín?",13.-14.01.2023,164,0.7439,ANO,"57      (46,72 %)","63      (51,64 %)",ANO         (41),,ANO,True,True,True,True,41,2023,True,Ptenín,Plzeň-jih,Plzeňský kraj,"Ptenín, Plzeň-jih, Plzeňský kraj, Česká republika",True
374.0,"SM Karlovy Vary (Karlovy Vary, KVK)",Jste pro obnovu litinové vřídelní kolonády architektů F. Fellnera a H. Helmera na místě současné kolonády z roku 1975?,13.-14.01.2023,35851,0.3091,NE,"7 465 (67,37 %)","3 074 (27,74 %)",NE                 (8 963),,NE,True,False,False,True,0,2023,True,SM Karlovy Vary,Karlovy Vary,Karlovarský kraj,"SM Karlovy Vary, Karlovy Vary, Karlovarský kraj, Česká republika",True
375.0,"Dudín              (Jihlava, VYS)",Má se vedení obce Dudín ve volebním období 2022-2026 zabývat možností výstavby Domova pro seniory v naší obci?,13.-14.01.2023,153,0.7582,ANO,"86      (74,14 %)","30      (25,86 %)",ANO         (39),,ANO,True,True,True,True,39,2023,True,Dudín,Jihlava,Kraj Vysočina,"Dudín, Jihlava, Kraj Vysočina, Česká republika",True
376.0,"Habřina           (Hradec Králové, HKK)","Souhlasíte s tím, aby zastupitelstvo obce Habřina podniklo veškeré nezbytné kroky včetně udělení nutných souhlasů k tomu, aby byla umožněna realizace projektu obnovy areálu kostela sv. Václava na Chloumku a související výstavba včetně rondelu dle architektonického návrhu a příslušné dokumentace vypracované architektonickým studiem, společností ARN Studio, s.r.o., představených na veřejné prezentaci spojené s besedou, konané dne 13. 10. 2021, a jehož vizualizace byla distribuována občanům obce Habřina v prosinci 2021 a který je k nahlédnutí na obecním úřadě?",13.-14.01.2023,236,0.7542,ANO,"111    (62,36 %)","65      (36,52 %)",ANO         (59),,ANO,True,True,True,True,59,2023,True,Habřina,Hradec Králové,Královéhradecký kraj,"Habřina, Hradec Králové, Královéhradecký kraj, Česká republika",True
377.0,"Hruška        (Prostějov, OLK)","Souhlasíte s demolicí budovy s číslem popisným 26, na pozemku p. č. st. 54; stavba občanského vybavení – bývalá škola?",13.-14.01.2023,184,0.6304,ANO,"35      (30,17 %)","80      (68,97 %)",ANO         (46),,ANO,True,True,True,True,46,2023,True,Hruška,Prostějov,Olomoucký kraj,"Hruška, Prostějov, Olomoucký kraj, Česká republika",True
378.0,"Trnová               (Plzeň-sever, PLK)","Souhlasíte s tím, aby zastupitelstvo obce Trnová v samostatné působnosti podniklo veškeré právní kroky k tomu, aby v katastrálním území Trnová u Plzně nedošlo k realizaci záměru názvem ""Stanovení dobývacího prostoru Krašovice a hornická činnost na výhradním ložisku kaolinu Krašovice"", jehož předmětem je vybudování dobývacího prostoru Krašovice a s tím související činnost?",13.-14.01.2023,758,0.6319,ANO,"410    (85,59 %)","43        (8,98 %)",ANO       (190),,ANO,True,True,True,True,190,2023,True,Trnová,Plzeň-sever,Plzeňský kraj,"Trnová, Plzeň-sever, Plzeňský kraj, Česká republika",True
379.0,"Krašovice         (Plzeň-sever, PLK)","Souhlasíte s tím, aby zastupitelstvo obce Krašovice v samostatné působnosti podniklo veškeré právní kroky k tomu, aby v katastrálním území Krašovice nedošlo k realizaci záměru s názvem ""Stanovení dobývacího prostoru Krašovice a hornická činnost na výhradním ložisku kaolinu Krašovice"", jehož předmětem je vybudování dobývacího prostoru Krašovice a s tím související činnost?",13.-14.01.2023,304,0.7237,ANO,198          (90 %),"14        (6,36 %)",ANO         (76),,ANO,True,True,True,True,76,2023,True,Krašovice,Plzeň-sever,Plzeňský kraj,"Krašovice, Plzeň-sever, Plzeňský kraj, Česká republika",True
380.0,"Dolní Řasnice (Liberec, LBK)","Souhlasíte s tím, aby zastupitelstvo obce Dolní Řasnice    v samostatné působnosti obce již nepodnikalo žádné kroky směřující k výstavbě větrných elektráren v katastru obce?",2023-04-01 00:00:00,443,0.6953,ANO,"71      (23,05 %)","234    (75,97 %)",ANO       (111),,ANO,True,True,True,True,111,2023,True,Dolní Řasnice,Liberec,Liberecký kraj,"Dolní Řasnice, Liberec, Liberecký kraj, Česká republika",True
381.0,"Krásný Les    (Liberec, LBK)","Souhlasíte s tím, aby obecní zastupitelstvo Krásného Lesa v samostatné působnosti činilo veškeré kroky k tomu, aby změnou územního plánu obce Krásný Les, katastrální území 673960, nemohla vzniknout plocha, která by umožňovala výstavbu větrných elektráren?                                                                                                                                                                                                                                                                                                      ",2023-04-01 00:00:00,404,0.5718,ANO,"75      (32,47 %)","154    (66,67 %)",ANO       (101),,ANO,True,True,True,True,101,2023,True,Krásný Les,Liberec,Liberecký kraj,"Krásný Les, Liberec, Liberecký kraj, Česká republika",True
383.0,"Stará Červená Voda (Jeseník, OLK)","Souhlasíte s tím, aby obec Stará Červená Voda učinila v samostatné působnosti veškeré možné kroky k tomu, aby v katastrálním území obce nemohlo dojít k výstavbě výroben elektřiny z obnovitelných zdrojů energie o celkovém instalovaném elektrickém výkonu 1 MW a více?",2023-05-13 00:00:00,507,0.5779,ANO,"235    (80,20 %)","56      (19,11 %)",ANO       (127),,ANO,True,True,True,True,127,2023,True,Stará Červená Voda,Jeseník,Olomoucký kraj,"Stará Červená Voda, Jeseník, Olomoucký kraj, Česká republika",True
384.0,"Sazomín               (Žďár nad Sázavou, VYS)",Souhlasíte s výstavbou tří větrných elektráren na katastru obce Sazomín?,2023-05-19 00:00:00,194,0.8144,ANO,"86      (54,43 %)","71      (44,94 %)",ANO          (49),,ANO,True,True,True,True,49,2023,True,Sazomín,Žďár nad Sázavou,Kraj Vysočina,"Sazomín, Žďár nad Sázavou, Kraj Vysočina, Česká republika",True
385.0,"Všeruby            (Plzeň-sever, PLK)","Souhlasíte s tím, aby zastupitelstvo města Všeruby            v samostatné působnosti podniklo veškeré právní kroky směřující k zamezení výstavby větrných elektráren na území města Všeruby?",2023-06-09 00:00:00,1265,0.3898,ANO,"409    (82,96 %)","71      (14,40 %)",ANO       (317),,ANO,True,True,True,True,317,2023,True,Všeruby,Plzeň-sever,Plzeňský kraj,"Všeruby, Plzeň-sever, Plzeňský kraj, Česká republika",True
386.0,"Staré Město (Svitavy, PAK)","Souhlasíte s tím, aby orgány obce Staré Město činily všechny potřebné kroky k přípravě a následné realizaci cyklostezky mezi Starým Městem a Moravskou Třebovou v připravené a schválené trase od Starého Města - jih a dále středem pole dle usnesení zastupitelstva z 30. května 2018 a dokončených komplexních pozemkových úprav, které na základě požadavků obce tuto trasu připravily?",2023-04-21 00:00:00,825,0.4982,ANO,"335    (81,51 %)","70      (17,03 %)",ANO       (207),,ANO,True,True,True,True,207,2023,True,Staré Město,Svitavy,Pardubický kraj,"Staré Město, Svitavy, Pardubický kraj, Česká republika",True
388.0,"Chyjice                 (Jičín, HKK)",Souhlasím s postavením fotovoltaické elektrárny na obecních pozemích č. 1018 a 1040 v katastrálním území Chyjice.,2023-06-24 00:00:00,125,0.488,ANO,"41      (67,21 %)","20      (32,79 %)",ANO          (32),,ANO,True,True,True,True,32,2023,True,Chyjice,Jičín,Královéhradecký kraj,"Chyjice, Jičín, Královéhradecký kraj, Česká republika",True
389.0,"Josefov        (Sokolov, KVK)","Souhlasíte s tím, aby v obci Josefov k. ú. Luh nad Svatavou nebo k. ú. Radvanov byly postaveny                      a provozovány větrné elektrárny?",2023-09-09 00:00:00,327,0.5872,ANO,48            (25 %),"141    (73,44 %)",ANO          (82),,ANO,True,True,True,True,82,2023,True,Josefov,Sokolov,Karlovarský kraj,"Josefov, Sokolov, Karlovarský kraj, Česká republika",True
390.0,"Dobšice     (Nymburk, STČ)","Souhlasíte s tím, aby zastupitelstvo obce Dobšice podnikalo v rámci své samostatné působnosti kroky 
směřující ke stavebním úpravám objektu sběrného dvora v Libněvsi, č. parc. 42/46, k. ú. Dobšice 
u Žehuně, za účelem vybudování druhé hasičské zbrojnice v obci s klubovnou pro schůze SDH Dobšice, 
s tepelným čerpadlem, krbem na tuhá paliva, garáží, koupelnou, WC, skladem, za cenu z roku 2020 
ve výši 2 429 587 Kč a s tím související kroky směřující k přijetí finanční dotace ve výši pouhých 50 % 
z uznatelných nákladů?",2023-10-07 00:00:00,197,0.3503,ANO,"1           (1,45 %)","67      (97,10 %)",ANO          (50),,ANO,True,True,True,True,50,2023,True,Dobšice,Nymburk,Střední čechy,"Dobšice, Nymburk, Střední čechy, Česká republika",True
391.0,"Siřejovice (Litoměřice, ÚSK)",Souhlasíte s výstavbou zařízení na plazmové zplyňování odpadu (energetické nebo materiálové využití komunálního odpadu) na skládce SONO v katastru obce Želechovice?,2023-10-07 00:00:00,233,0.4936,ANO,"15      (13,04 %)","96      (83,48 %)",ANO          (59),,ANO,True,True,True,True,59,2023,True,Siřejovice,Litoměřice,Ústecký kraj,"Siřejovice, Litoměřice, Ústecký kraj, Česká republika",True
391.0,"Siřejovice (Litoměřice, ÚSK)","Souhlasíte, aby obec Siřejovice využila všech dostupných právních prostředků, aby zabránila výstavbě zařízení na plazmové zplyňování odpadu (energetické nebo materiálové využití komunálního odpadu) na skládce odpadů SONO v katastru obce Želechovice?",2023-10-07 00:00:00,233,0.4936,ANO,"94      (81,74 %)","18      (15,65 %)",ANO          (59),hlasování neplatné,NE,True,True,True,False,59,2023,True,Siřejovice,Litoměřice,Ústecký kraj,"Siřejovice, Litoměřice, Ústecký kraj, Česká republika",True
392.0,"Hořátev     (Nymburk, STČ)",Chtějí občané Hořátve na svém katastrálním území těžbu písku?,2023-10-07 00:00:00,616,0.5974,ANO,"67      (18,21 %)","300    (81,52 %)",ANO       (154),,ANO,True,True,True,True,154,2023,True,Hořátev,Nymburk,Střední čechy,"Hořátev, Nymburk, Střední čechy, Česká republika",True
393.0,"Vidnava         (Jeseník, OLK)",Souhlasíte s těžbou kaolinu na katastrálním území města Vidnavy?,2023-10-21 00:00:00,989,0.4702,ANO,"94      (20,22 %)","361    (77,63 %)",ANO       (248),,ANO,True,True,True,True,248,2023,True,Vidnava,Jeseník,Olomoucký kraj,"Vidnava, Jeseník, Olomoucký kraj, Česká republika",True
394.0,"Tuchoměřice  (Praha-západ, STČ)","1. Souhlasíte s tím, aby obec Tuchoměřice povolila na pozemku stavební parcele parc. č. st. 292 a pozemku pozemkové parcele parc. č. 197, oba pozemky v katastrálním území Kněžívka, provoz hazardních her uvedených v § 3 odst. 2 písm. d) až t) zákona 
č. 186/2016 Sb., o hazardních hrách, tj. bingo, technická hra a živá hra?",2023-09-15 00:00:00,1163,0.6139,ANO,"109    (15,27 %)","603    (84,45 %)",ANO       (291),,ANO,True,True,True,True,291,2023,True,Tuchoměřice,Praha-západ,Střední čechy,"Tuchoměřice, Praha-západ, Střední čechy, Česká republika",True
394.0,"Tuchoměřice  (Praha-západ, STČ)","2. Souhlasíte s tím, aby obec Tuchoměřice zřídila obecní policii, pokud bude v obecním referendu odsouhlasen na pozemku stavební parcele parc. č. st. 292 a pozemku pozemkové parcele parc. č. 197, oba pozemky v katastrálním území Kněžívka provoz hazardních her uvedených v § 3 odst. 2 písm. d) až t) zákona č. 186/2016 Sb., o hazardních hrách, tj. bingo, technická hra a živá hra?",2023-09-15 00:00:00,1163,0.6139,ANO,"230    (32,21 %)","444    (62,18 %)",ANO       (291),hlasování neplatné,NE,True,True,True,False,291,2023,True,Tuchoměřice,Praha-západ,Střední čechy,"Tuchoměřice, Praha-západ, Střední čechy, Česká republika",True
395.0,"Hostěnice          (Brno-venkov, JHM)",Souhlasíte se vstupem obce Hostěnice do Svazku obcí pro vodovody a kanalizace - Šlapanicko?,2023-10-20 00:00:00,606,0.6304,ANO,"102    (26,70 %)","274    (71,73 %)",ANO       (152),,ANO,True,True,True,True,152,2023,True,Hostěnice,Brno-venkov,Jihomoravský kraj,"Hostěnice, Brno-venkov, Jihomoravský kraj, Česká republika",True
396.0,"Krouna        (Chrudim, PAK)","Souhlasíte s tím, aby orgány obce Krouna 
umožnily umístění jedné větrné elektrárny na obecním pozemku p. č. 1/5 v katastrálním 
území Františky?",2023-11-11 00:00:00,1112,0.5306,ANO,"415    (70,34 %)","164    (27,80 %)",ANO       (278),,ANO,True,True,True,True,278,2023,True,Krouna,Chrudim,Pardubický kraj,"Krouna, Chrudim, Pardubický kraj, Česká republika",True
397.0,"Anenská Studánka (Ústí nad Orlicí, PAK)","Souhlasíte s výstavbou větrných elektráren na území obce Anenská Studánka a s uzavřením smlouvy o spolupráci s obcí na společném záměru se společností NOHO Energy s.r.o., IČO: 08579181?",2023-11-11 00:00:00,136,0.5,ANO,"50      (73,53 %)",17            (25 %),ANO          (34),,ANO,True,True,True,True,34,2023,True,Anenská Studánka,Ústí nad Orlicí,Pardubický kraj,"Anenská Studánka, Ústí nad Orlicí, Pardubický kraj, Česká republika",True
398.0,"Svojetice         (Praha-východ, STČ)",Chcete Kruhový objezd v křižovatce ulic Choceradská       a K Tehovci?,2023-12-01 00:00:00,929,0.3262,NE,"67      (22,11 %)","233    (76,90 %)",NE           (233),,NE,True,False,False,True,233,2023,True,Svojetice,Praha-východ,Střední čechy,"Svojetice, Praha-východ, Střední čechy, Česká republika",True
399.0,"Hevlín           (Znojmo, JHM)",Souhlasíte s výstavbou větrných elektráren                           v katastrálním území obce Hevlín?,2023-11-04 00:00:00,1102,0.2486,NE,"156    (56,93 %)","116    (42,34 %)",NE           (276),,NE,True,False,False,True,276,2023,True,Hevlín,Znojmo,Jihomoravský kraj,"Hevlín, Znojmo, Jihomoravský kraj, Česká republika",True
400.0,"Chvalíkovice (Opava, MSK)","Souhlasíte s tím, aby obec Chvalíkovice namísto výstavby obecní centrální čistírny 
odpadních vod v obci Chvalíkovice vybudovala domácí čistírny odpadních vod v obci 
Chvalíkovice?",2023-12-09 00:00:00,549,0.4645,ANO,"122    (47,84 %)","118    (46,27 %)",NE           (138),,ANO,True,True,False,True,138,2023,True,Chvalíkovice,Opava,Moravskoslezský kraj,"Chvalíkovice, Opava, Moravskoslezský kraj, Česká republika",True
401.0,"Ctětín          (Chrudim, PAK)","Souhlasíte, aby obecní zastupitelstvo Ctětína                        v samostatné působnosti činilo veškeré kroky k tomu, aby zabránilo rozšíření skládky Nasavrky na katastrální území Ctětín (617954) ve všech stupních řízení, a to především prostřednictvím změn v návrhu územního plánu obce Ctětína?",2024-01-12 00:00:00,215,0.5721,ANO,"57      (46,34 %)","65      (52,85 %)",ANO          (54),,ANO,True,True,True,True,54,2024,True,Ctětín,Chrudim,Pardubický kraj,"Ctětín, Chrudim, Pardubický kraj, Česká republika",True
402.0,"Jáchymov     (Karlovy Vary, KVK)","Souhlasíte s tím, aby město Jáchymov prodalo společnosti BRATRSTVÍ s.r.o., IČ: 25921690, svoje pozemky: pozemek parc. č. 5280, pozemek parc. č. 1878/3, pozemek parc. č. 1878/21, pozemek parc. č. 1878/25, pozemek parc. č. 1878/17, pozemek parc. č. 1853/3, pozemek parc. č. st. 1601 a pozemek parc. č. 1878/20, v katastru obce za účelem vybudování projektu hromadné rekreace ""Ubytovací komplex Bratrství"", tj. projektu výstavby apartmánových domů a parkovacích ploch?",2024-02-24 00:00:00,1846,0.2752,NE,"25         (4,92 %)","477    (93,90 %)",NE           (462),,NE,True,False,False,True,462,2024,True,Jáchymov,Karlovy Vary,Karlovarský kraj,"Jáchymov, Karlovy Vary, Karlovarský kraj, Česká republika",True
403.0,"Moravský Beroun (Olomouc, OLK)","Souhlasíte s tím, aby město Moravský Beroun zamezilo výstavbě větrných elektráren na území města Moravský Beroun?",07.-08.06.2024,2289,0.3919,ANO,"495    (55,18 %)","379    (42,25 %)",NE           (573),,ANO,True,True,False,True,573,2024,True,Moravský Beroun,Olomouc,Olomoucký kraj,"Moravský Beroun, Olomouc, Olomoucký kraj, Česká republika",True
404.0,"Němčice nad Hanou (Prostějov, OLK)","Souhlasíte s rozšířením stávající skládky odpadů v katastrálním území Němčice nad 
Hanou na těleso staré skládky odpadů, a to na pozemky ve vlastnictví města Němčice nad 
Hanou parcelní číslo 5939 a parcelní číslo 5954 v katastrálním území Němčice nad 
Hanou?",2024-03-23 00:00:00,1563,0.3461,NE,"271    (50,09 %)","263    (48,61 %)",NE           (391),,NE,True,False,False,True,391,2024,True,Němčice nad Hanou,Prostějov,Olomoucký kraj,"Němčice nad Hanou, Prostějov, Olomoucký kraj, Česká republika",True
405.0,"Batňovice    (Trutnov, HKK)","Souhlasíte s tím, aby obec Batňovice pokračovala v krocích vedoucích k prodeji restaurace U Bulánka zájemci Petru Zachovi, který je dlouholetým provozovatelem této restaurace?",07.-08.06.2024,638,0.5611,ANO,"261    (72,91 %)","90      (25,14 %)",ANO       (160),,ANO,True,True,True,True,160,2024,True,Batňovice,Trutnov,Královéhradecký kraj,"Batňovice, Trutnov, Královéhradecký kraj, Česká republika",True
406.0,"Líšťany              (Louny, ÚSK)",Souhlasíte s výstavbou větrných elektráren v severozápadním okraji katastrálního území Líšťany?,2024-03-22 00:00:00,390,0.459,ANO,"65      (36,31 %)","113    (63,13 %)",ANO          (98),,ANO,True,True,True,True,98,2024,True,Líšťany,Louny,Ústecký kraj,"Líšťany, Louny, Ústecký kraj, Česká republika",True
408.0,"Dobkovice       (Děčín, ÚSK)","Souhlasíte s tím, aby obec Dobkovice učinila veškeré kroky vedoucí k zákazu provozování hazardních her, zejména totalizátorových her, technických her, živých her a turnajů malého rozsahu uvedených v § 3 odst. 2 písmene c, e, f a h) zákona č. 186/2016 Sb., o hazardních hrách, a to na celém svém území?",2024-05-24 00:00:00,529,0.569,ANO,"165    (54,82 %)","133    (44,19 %)",ANO       (133),,ANO,True,True,True,True,133,2024,True,Dobkovice,Děčín,Ústecký kraj,"Dobkovice, Děčín, Ústecký kraj, Česká republika",True
409.0,"Ohaře                 (Kolín, STČ)","Souhlasíte s tím, aby obec Ohaře učinila veškeré možné kroky ve své samostatné působnosti a umožnila výstavbu 8 sil na obilí o výšce 28 m v areálu Proteco Agro s.r.o. Ohaře?",07.-08.06.2024,251,0.5299,ANO,"36      (27,07 %)","96      (72,18 %)",ANO          (63),,ANO,True,True,True,True,63,2024,True,Ohaře,Kolín,Střední čechy,"Ohaře, Kolín, Střední čechy, Česká republika",True
410.0,"Dobřany           (Plzeň-jih, PLK)","1. Souhlasíte s tím, aby město Dobřany pořádalo novoroční ohňostroj?",07.-08.06.2024,4851,0.2579,NE,"687    (54,92 %)","506    (40,45 %)",NE                  (1 213),,NE,True,False,False,True,0,2024,True,Dobřany,Plzeň-jih,Plzeňský kraj,"Dobřany, Plzeň-jih, Plzeňský kraj, Česká republika",True
410.0,"Dobřany           (Plzeň-jih, PLK)",2. Souhlasíte se zákazem celoplošného používání zábavné pyrotechniky na území města Dobřany a části obce Šlovice a Vodní Újezd s výjimkou 1.1. a 31. 12.?,07.-08.06.2024,4851,0.2579,NE,"812    (64,91 %)","366    (29,26 %)",NE                  (1 213),hlasování neplatné,NE,True,False,False,False,0,2024,True,Dobřany,Plzeň-jih,Plzeňský kraj,"Dobřany, Plzeň-jih, Plzeňský kraj, Česká republika",True
411.0,"Bělá pod Bezdězem (Mladá Boleslav, STČ)","Souhlasíte, aby Město Bělá pod Bezdězem zrealizovalo   v termínu do 31.10.2026 prodej pozemku p.č. 56/1 v k.ú. Vrchbělá za účelem rozvoje průmyslového areálu Vazačka?",07.-08.06.2024,3704,0.4571,ANO,"223    (13,17 %)","1 403 (82,87 %)",ANO       (926),,ANO,True,True,True,True,926,2024,True,Bělá pod Bezdězem,Mladá Boleslav,Střední čechy,"Bělá pod Bezdězem, Mladá Boleslav, Střední čechy, Česká republika",True
412.0,"Vřesina            (Opava, MSK)","Souhlasíte s tím, aby zastupitelstvo obce Vřesina schválilo změnu územně plánovací dokumentace tak, 
aby v katastrálním území Vřesina u Opavy na části pozemku parc. č. 1239, který není ve vlastnictví obce 
Vřesina, mohlo dojít k výstavbě objektu fotovoltaické elektrárny s pozemní instalací na ploše nejvýše 
122.170 m2?",07.-08.06.2024,1303,0.4259,ANO,"207    (37,30 %)","343    (61,80 %)",ANO       (326),,ANO,True,True,True,True,326,2024,True,Vřesina,Opava,Moravskoslezský kraj,"Vřesina, Opava, Moravskoslezský kraj, Česká republika",True
413.0,"Postřižín        (Mělník, STČ)","Souhlasíte s tím, aby zastupitelstvo obce Postřižín podniklo kroky směřující k výstavbě multifunkčního domu na pozemku p. č. 183/87 v k. ú. Postřižín?",07.-08.06.2024,1090,0.3193,NE,"243    (69,83 %)","99      (28,45 %)",NE           (273),,NE,True,False,False,True,273,2024,True,Postřižín,Mělník,Střední čechy,"Postřižín, Mělník, Střední čechy, Česká republika",True
414.0,"Dolní Lutyně (Karviná, MSK)","Souhlasíte s tím, aby obec Dolní Lutyně podala námitky, popř. připomínky proti návrhu aktualizace Zásad územního rozvoje Moravskoslezského kraje, která vytyčuje plochu areálu Strategického podnikatelského parku na území Dolní Lutyně, a aby rovněž uplatňovala 
námitky proti povolení stavby areálu Strategického podnikatelského parku?",07.-08.06.2024,4371,0.5655,ANO,"2 176 (88,03 %)","246      (9,95 %)",ANO              (1 093),,ANO,True,True,False,True,0,2024,True,Dolní Lutyně,Karviná,Moravskoslezský kraj,"Dolní Lutyně, Karviná, Moravskoslezský kraj, Česká republika",True
415.0,"Nová Bystřice (Jindřichův Hradec, JHČ)","Souhlasíte s tím, aby Jihočeský kraj jako investor realizoval akci Východní obchvat Nové Bystřice, silnice II/128, dle v současné době společností Pontex, s.r.o. zpracovávané projektové dokumentace?",07.-08.06.2024,2581,0.5509,ANO,"1 007 (70,82 %)","398    (27,99 %)",ANO       (646),,ANO,True,True,True,True,646,2024,True,Nová Bystřice,Jindřichův Hradec,Jihočeský kraj,"Nová Bystřice, Jindřichův Hradec, Jihočeský kraj, Česká republika",True
416.0,"Mšené-lázně (Litoměřice, ÚSK)","Souhlasíte s výstavbou větrných elektráren v katastrálních územích Mšené-lázně, Vrbice u Mšeného-lázní, Ředhošť, Ječovice, Brníkov, Podbradec?",07.-08.06.2024,1495,0.5605,ANO,"286    (34,13 %)","534    (63,72 %)",ANO       (374),,ANO,True,True,True,True,374,2024,True,Mšené-lázně,Litoměřice,Ústecký kraj,"Mšené-lázně, Litoměřice, Ústecký kraj, Česká republika",True
417.0,"Chrášťany        (Praha-západ, STČ)","Souhlasíte s tím, aby zastupitelstvo obce a starosta obce Chrášťany u Prahy učinili veškeré možné kroky vedoucí k zákazu zřízení provozoven hazardních her a k zákazu provozování hazardních her na celém území obce Chrášťany u Prahy?",2024-06-14 00:00:00,691,0.5572,ANO,"299    (77,66 %)","73      (18,96 %)",ANO       (173),,ANO,True,True,True,True,173,2024,True,Chrášťany,Praha-západ,Střední čechy,"Chrášťany, Praha-západ, Střední čechy, Česká republika",True
418.0,"Lštění          (Benešov, STČ)","Souhlasíte s tím, aby v Územním plánu obce Lštění byla část plochy pozemku č. p. 257/221 o výměře 5 800 m2, nacházející se v místní části Zlenice podél ulice Hlavní
a Ke Studánce, změněna na plochu ´smíšená obytná´?",07.-08.06.2024,352,0.5767,ANO,"103    (50,74 %)","94      (46,31 %)",ANO          (88),,ANO,True,True,True,True,88,2024,True,Lštění,Benešov,Střední čechy,"Lštění, Benešov, Střední čechy, Česká republika",True
419.0,"Kynšperk nad Ohří (Sokolov, KVK)","Souhlasíte s tím, aby na území obce Kynšperk nad Ohří, v katastrálním území Chotíkov u Kynšperka nad Ohří byly postaveny a provozovány větrné elektrárny a město zadalo změnu znění Územního plánu Kynšperk nad Ohří tak, aby umožňoval výstavbu větrných elektráren v tomto katastrálním území? ",20.-21.09.2024,3702,0.3436,NE,"328    (25,79 %)","874    (68,71 %)",NE           (926),,NE,True,False,False,True,926,2024,True,Kynšperk nad Ohří,Sokolov,Karlovarský kraj,"Kynšperk nad Ohří, Sokolov, Karlovarský kraj, Česká republika",True
420.0,"Braňany             (Most, ÚSK)","Má obec Braňany při výkonu své samostatné působnosti využít všech zákonných prostředků (zejména z titulu schvalování územního plánu, účastníka správních řízení a vlastníka pozemků), aby zabránila těžbě kamene v oblasti Braňany - Červený vrch?",2024-09-02 00:00:00,990,0.4747,ANO,"411    (87,45 %)","43         (9,15 %)",ANO       (248),,ANO,True,True,True,True,248,2024,True,Braňany,Most,Ústecký kraj,"Braňany, Most, Ústecký kraj, Česká republika",True
421.0,"Rasošky        (Náchod, HKK)","Souhlasíte, aby obec vyjednávala s investorem v oblasti energetiky, pokusila se zajistit výhody pro obec a občany a uzavřela s ním takovou smlouvu, když benefity budou minimálně:
- Každý rok příspěvek na podporu obce ve výši 10 % rozpočtu obce,
- Každý rok kompenzace ceny elektřiny ve výši 10 000,- Kč za každé odběrné místo na území obce,
- Vybudování „edukativní“ stezky přes elektrárnu jako spojnici obcí Vlkov, Rasošky a Nový Ples včetně odpočinkových zón,
- Vybudování fotovoltaické elektrárny na obecní budově",20.-21.09.2024,558,0.552,ANO,"77      (25,00 %)","220    (71,43 %)",ANO       (140),,ANO,True,True,True,True,140,2024,True,Rasošky,Náchod,Královéhradecký kraj,"Rasošky, Náchod, Královéhradecký kraj, Česká republika",True
422.0,"Lačnov             (Vsetín, ZLK)","1. Souhlasíte s tím, aby se Zastupitelstvo obce Lačnov zabývalo možností výstavby společenského centra v obci?",20.-21.09.2024,674,0.4496,ANO,"232    (76,57 %)","54      (17,82 %)",ANO       (169),,ANO,True,True,True,True,169,2024,True,Lačnov,Vsetín,Zlínský kraj,"Lačnov, Vsetín, Zlínský kraj, Česká republika",True
422.0,"Lačnov             (Vsetín, ZLK)","2. Souhlasíte s výstavbou společenského centra v lokalitě na Kozinci naproti muzea Vařákových pasek, na pozemcích p.č. 1953/1, p.č. 1953/11, p.č. 1953/33, p.č. 1953/44 a p.č. 1953/45?",20.-21.09.2024,674,0.4496,ANO,"131    (43,23 %)","133    (43,89 %)",NE           (169),hlasování neplatné,NE,True,True,False,False,169,2024,True,Lačnov,Vsetín,Zlínský kraj,"Lačnov, Vsetín, Zlínský kraj, Česká republika",True
422.0,"Lačnov             (Vsetín, ZLK)","3. Souhlasíte s výstavbou společenského centra v lokalitě za fotbalovým hřištěm, na pozemcích p.č. 2790/8, p.č. 2790/7, p.č. 2790/1, p.č. 2790/3, p.č. 2790/4 a p.č. 2790/11?",20.-21.09.2024,674,0.4496,ANO,"109    (35,97 %)","152    (50,17 %)",NE           (169),hlasování neplatné,NE,True,True,False,False,169,2024,True,Lačnov,Vsetín,Zlínský kraj,"Lačnov, Vsetín, Zlínský kraj, Česká republika",True
423.0,"Žitenice (Litoměřice, ÚSK)","Souhlasíte s tím, aby obec Žitenice podnikla veškeré potřebné kroky k tomu, aby se stala vlastníkem souboru nemovitostí souhrnně označených jako „zámek Žitenice“ (pozemky p. č. st. 1, 2/1, 2/2, 3, 53, 521, a p.p. č. 56/1, 56/3, 56/4, 56/5, 56/6, 56/7, 56/8, 56/9, 56/10, 56/11, to vše v k. ú. Žitenice a stavby na těchto pozemcích)?",20.-21.9.2024,1313,0.5149,ANO,"463    (68,49 %)","184    (27,22 %)",ANO       (329),,ANO,True,True,True,True,329,2024,True,Žitenice,Litoměřice,Ústecký kraj,"Žitenice, Litoměřice, Ústecký kraj, Česká republika",True
424.0,"Nový Ples    (Náchod, HKK)","Souhlasíte s tím, aby Zastupitelstvo obce Nový Ples podnikalo v rámci své samostatné působnosti kroky směřující k podpoře výstavby FVE na zemědělských pozemcích v katastru obce Nový Ples, ve vzdálenosti minimálně 400 metrů od zastavěného území obce směrem na Rasošky a s tím související kroky směřující k uzavření plánovací smlouvy s investorem stavby?",20.-21.9.2024,284,0.6232,ANO,"46      (25,99 %)","130    (73,45 %)",ANO          (71),,ANO,True,True,True,True,71,2024,True,Nový Ples,Náchod,Královéhradecký kraj,"Nový Ples, Náchod, Královéhradecký kraj, Česká republika",True
425.0,"Mirovice           (Písek, JHČ)",Souhlasíte s plánovanou výstavbou fotovoltaické elektrárny v katastrálním území Touškov?,20.-21.9.2024,1207,0.3952,ANO,"43         (9,01 %)","429    (89,94 %)",ANO       (302),,ANO,True,True,True,True,302,2024,True,Mirovice,Písek,Jihočeský kraj,"Mirovice, Písek, Jihočeský kraj, Česká republika",True
426.0,"Bulovka         (Liberec, LBK)",Souhlasím s výstavbou větrných elektráren ve správním území obce Bulovka.,20.-21.9.2024,722,0.3753,ANO,"135    (49,82 %)","129    (47,60 %)",NE           (181),,ANO,True,True,False,True,181,2024,True,Bulovka,Liberec,Liberecký kraj,"Bulovka, Liberec, Liberecký kraj, Česká republika",True
427.0,"Křižany          (Liberec, LBK)",Souhlasíte s výstavbou větrných elektráren na území obce Křižany?,20.-21.9.2024,667,0.5293,ANO,"156    (44,19 %)","177    (50,14 %)",ANO       (167),,ANO,True,True,True,True,167,2024,True,Křižany,Liberec,Liberecký kraj,"Křižany, Liberec, Liberecký kraj, Česká republika",True
428.0,"Cerekvice nad Bystřicí                 (Jičín, HKK)","Souhlasíte s tím, aby střecha věže Kaple Zvěstování Panně Marii v Cerekvici nad Bystřicí byla obnovena do původní barokní podoby ve stylu báně s lucernou?",20.-21.9.2024,644,0.4161,ANO,"173    (64,55 %)","82      (30,60 %)",ANO       (161),,ANO,True,True,True,True,161,2024,True,Cerekvice nad Bystřicí,Jičín,Královéhradecký kraj,"Cerekvice nad Bystřicí, Jičín, Královéhradecký kraj, Česká republika",True
429.0,"Rohozná        (Svitavy, PAK)","Souhlasíte s tím, aby orgány obce Rohozná umožnily umístění jedné větrné elektrárny v katastrálním území Rohozná u Poličky?",20.-21.9.2024,493,0.4097,ANO,"154    (76,24 %)","41      (20,30 %)",ANO       (124),,ANO,True,True,True,True,124,2024,True,Rohozná,Svitavy,Pardubický kraj,"Rohozná, Svitavy, Pardubický kraj, Česká republika",True
430.0,"Dalečín                 (Žďár nad Sázavou, VYS)",Souhlasíte s umístěním 2 větrných elektráren v katastrálním území Dalečína?,20.-21.9.2024,538,0.4796,ANO,"102    (39,53 %)","153    (59,30 %)",ANO       (135),,ANO,True,True,True,True,135,2024,True,Dalečín,Žďár nad Sázavou,Kraj Vysočina,"Dalečín, Žďár nad Sázavou, Kraj Vysočina, Česká republika",True
431.0,"Horní Lideč    (Vsetín, ZLK)","1. Souhlasíte, aby se v obci Horní Lideč postavil Domov pro seniory?",20.-21.9.2024,1081,0.5902,ANO,"275    (43,10 %)","348    (54,55 %)",ANO       (271),,ANO,True,True,True,True,271,2024,True,Horní Lideč,Vsetín,Zlínský kraj,"Horní Lideč, Vsetín, Zlínský kraj, Česká republika",True
431.0,"Horní Lideč    (Vsetín, ZLK)","2. Souhlasíte, aby se Domov pro seniory postavil v navrhované  lokalitě vedle základní školy v Horní Lidči?",20.-21.9.2024,1081,0.5902,ANO,"225    (35,27 %)","400    (62,70 %)",ANO       (271),hlasování neplatné,NE,True,True,True,False,271,2024,True,Horní Lideč,Vsetín,Zlínský kraj,"Horní Lideč, Vsetín, Zlínský kraj, Česká republika",True
432.0,"Radňovice
(Žďár nad Sázavou, VYS)","1. Souhlasíte, aby byl v obci Radňovice vybudován obchvat obce na silnici I/19 dle projektu ŘSD – varianta E1 (http://radnovice.cz/obchvat_E1.pdf)?",20.-21.9.2024,269,0.7398,ANO,"111    (55,78 %)","83      (41,71 %)",ANO          (68),,ANO,True,True,True,True,68,2024,True,Radňovice,Žďár nad Sázavou,Kraj Vysočina,"Radňovice, Žďár nad Sázavou, Kraj Vysočina, Česká republika",True
432.0,"Radňovice
(Žďár nad Sázavou, VYS)","2. Souhlasíte, aby byl do změny územního plánu č. 2 obce Radňovice zanesen koridor umožňující výstavbu jižní varianty obchvatu obce Radňovice (pod kolejemi)?",20.-21.9.2024,269,0.7398,ANO,"152    (76,38 %)","42      (21,11 %)",ANO          (68),hlasování neplatné,NE,True,True,True,False,68,2024,True,Radňovice,Žďár nad Sázavou,Kraj Vysočina,"Radňovice, Žďár nad Sázavou, Kraj Vysočina, Česká republika",True
433.0,"Potůčky
(Karlovy Vary, KVK)",1. Souhlasíte s těžbou živce/živcových nerostů v katastrálním území obce Potůčky a jejím přilehlém okolí?,20.-21.9.2024,249,0.5823,ANO,"2           (1,38 %)","138    (95,17 %)",ANO          (63),,ANO,True,True,True,True,63,2024,True,Potůčky,Karlovy Vary,Karlovarský kraj,"Potůčky, Karlovy Vary, Karlovarský kraj, Česká republika",True
433.0,"Potůčky
(Karlovy Vary, KVK)",2. Má obec Potůčky při výkonu své samostatné působnosti využít všech zákonných prostředků k faktickému zabránění těžby živce/živcových nerostů v katastrálním území obce Potůčky a jejím přilehlém okolí?,20.-21.9.2024,249,0.5823,ANO,"127    (87,59 %)","11         (7,59 %)",ANO          (63),hlasování neplatné,NE,True,True,True,False,63,2024,True,Potůčky,Karlovy Vary,Karlovarský kraj,"Potůčky, Karlovy Vary, Karlovarský kraj, Česká republika",True
434.0,"Jamné             (Jihlava, VYS)","Souhlasíte s výstavbou větrné elektrárny v katastrálním území obce Jamné u Jihlavy za předpokladu, že tato větrná elektrárna bude ve vlastnictví obce Jamné u Jihlavy?",20.-21.9.2024,415,0.6145,ANO,"92      (36,08 %)","150    (58,82 %)",ANO       (104),,ANO,True,True,True,True,104,2024,True,Jamné,Jihlava,Kraj Vysočina,"Jamné, Jihlava, Kraj Vysočina, Česká republika",True
435.0,"Strmilov   (Jindřichův Hradec, JHČ)",Souhlasíte s výstavbou větrných elektráren na správním území města Strmilov?,2024-11-17 00:00:00,1144,0.5673,ANO,"169    (26,04 %)","466    (71,80 %)",ANO       (286),,ANO,True,True,True,True,286,2024,True,Strmilov,Jindřichův Hradec,Jihočeský kraj,"Strmilov, Jindřichův Hradec, Jihočeský kraj, Česká republika",True
436.0,"MČ Praha - Lipence        (Praha, PHA)","Souhlasíte s tím, aby městská část Praha - Lipence v rámci samostatné působnosti činila veškeré kroky k tomu, aby nedošlo ke změně platné i nově navrhované územně plánovací dokumentace za účelem vzniku nových ploch pro bydlení či ploch všeobecně smíšených na pozemcích parc. č. 2265/6, 2265/8, 2259/8, 2249/1, 2250/1 a 2257/1 v k. ú. Lipence v oblasti mezi spojením ulic V Alejích, Českého červeného kříže, K Průhonu, K Obsinám a ulicí Ke Kazínu a na pozemcích parc.č. 2181/4 a 2179/1 v k.ú. Lipence v oblasti louky pod hájovnou?",2024-11-15 00:00:00,2248,0.4947,ANO,"1 068 (96,04 %)","30         (2,70 %)",ANO       (562),,ANO,True,True,True,True,562,2024,True,MČ Praha - Lipence,Praha,Hlavní město Praha,"MČ Praha - Lipence, Praha, Hlavní město Praha, Česká republika",True
436.0,"MČ Praha - Lipence        (Praha, PHA)","Souhlasíte s tím, aby městská část Praha – Lipence v rámci samostatné působnosti činila veškeré kroky k tomu, aby na pozemcích parc. č. 2265/6, 2265/8, 2257/1, 2249/1 a 2250/1 v k. ú. Lipence v oblasti mezi spojením ulic V Alejích, Českého červeného kříže, K Průhonu, K Obsinám a ulicí Ke Kazínu, které se nacházejí v ploše OB-A a OB-B, byla umožněna výstavba za účelem bydlení 
pouze v rodinných domech o maximálně dvou nadzemních podlažích?",2024-11-15 00:00:00,2248,0.4947,ANO,"1 026 (92,27 %)","66         (5,94 %)",ANO       (562),hlasování neplatné,NE,True,True,True,False,562,2024,True,MČ Praha - Lipence,Praha,Hlavní město Praha,"MČ Praha - Lipence, Praha, Hlavní město Praha, Česká republika",True
437.0,"Počátky (Pelhřimov, VYS)","Souhlasíte s tím, aby zastupitelstvo města Počátky, v samostatné působnosti obce, podnikalo kroky směřující k výstavbě větrných elektráren na území města Počátky, tj. v katastrech 722979 Heřmaneč, 722987 Horní Vilímeč, 722998 Léskovec, 723002 Počátky, 723011 Prostý, 723037 Vesce?",2024-11-08 00:00:00,2000,0.35,ANO,"148    (21,14 %)","544    (77,71 %)",ANO       (500),,ANO,True,True,True,True,500,2024,True,Počátky,Pelhřimov,Kraj Vysočina,"Počátky, Pelhřimov, Kraj Vysočina, Česká republika",True
437.0,"Počátky (Pelhřimov, VYS)","Souhlasíte s výstavbou větrných elektráren pouze v lokalitě Jakubínská, která se nachází v k. ú. Počátky ve směru za Strážným kopcem k obci Jakubín, za podmínek finančního přínosu pro město Počátky?",2024-11-08 00:00:00,2000,0.361,ANO,"200    (27,70 %)","514    (71,19 %)",ANO       (500),hlasování neplatné,NE,True,True,True,False,500,2024,True,Počátky,Pelhřimov,Kraj Vysočina,"Počátky, Pelhřimov, Kraj Vysočina, Česká republika",True
439.0,"Sirá             (Rokycany, PLK)","Souhlasíte s tím, aby zvolení zastupitelé obce Sirá umožnili umístění jedné větrné elektrárny v katastrálním území Sirá?",2024-11-09 00:00:00,123,0.6016,ANO,"33      (44,59 %)","36      (48,65 %)",NE              (31),,ANO,True,True,False,True,31,2024,True,Sirá,Rokycany,Plzeňský kraj,"Sirá, Rokycany, Plzeňský kraj, Česká republika",True
440.0,"Přehýšov          (Plzeň-sever, PLK)","1. Požadujete, aby orgány obce Přehýšov učinily v samostatné působnosti veškeré možné kroky (včetně neschválení nového územního plánu Přehýšov) k tomu, aby zabránily rozšíření stávajícího Logistického centra Přehýšov nacházejícího se u dálnice D5, exit 100, v katastrálním území Přehýšov, obec Přehýšov (viz šedé území na přiloženém plánku) na další území, a to konkrétně na přilehlou plochu A (viz růžové území na přiloženém plánku), za účelem výstavby dalších průmyslových objektů, zejména skladových hal nebo hal pro lehkou výrobu?",2024-12-06 00:00:00,487,0.5462,ANO,"217    (81,58 %)","25         (9,40 %)",ANO       (122),,ANO,True,True,True,True,122,2024,True,Přehýšov,Plzeň-sever,Plzeňský kraj,"Přehýšov, Plzeň-sever, Plzeňský kraj, Česká republika",True
440.0,"Přehýšov          (Plzeň-sever, PLK)","2. Požadujete, aby orgány obce Přehýšov učinily v samostatné působnosti veškeré možné kroky (včetně neschválení nového územního plánu Přehýšov) k tomu, aby zabránily rozšíření stávajícího Logistického centra Přehýšov nacházejícího se u dálnice D5, exit 100, v katastrálním území Přehýšov, obec Přehýšov (viz šedé území na přiloženém plánku) na další území, a to konkrétně na přilehlou plochu B (viz žluté území na přiloženém plánku), za účelem výstavby dalších průmyslových objektů, zejména skladových hal nebo hal pro lehkou výrobu?",2024-12-06 00:00:00,487,0.5462,ANO,"219    (82,33 %)","23         (8,64 %)",ANO       (122),hlasování neplatné,NE,True,True,True,False,122,2024,True,Přehýšov,Plzeň-sever,Plzeňský kraj,"Přehýšov, Plzeň-sever, Plzeňský kraj, Česká republika",True
440.0,"Přehýšov          (Plzeň-sever, PLK)","3. Požadujete, aby orgány obce Přehýšov učinily v samostatné působnosti veškeré možné kroky (včetně neschválení nového územního plánu Přehýšov) k tomu, aby zabránily rozšíření stávajícího Logistického centra Přehýšov nacházejícího se u dálnice D5, exit 100, v katastrálním území Přehýšov, obec Přehýšov (viz šedé území na přiloženém plánku) na další území, a to konkrétně na přilehlou plochu C (viz zelené území na přiloženém plánku), za účelem  výstavby dalších průmyslových objektů, zejména skladových hal nebo hal pro lehkou výrobu?",2024-12-06 00:00:00,487,0.5462,ANO,"218    (81,95 %)","23         (8,65 %)",ANO       (122),hlasování neplatné,NE,True,True,True,False,122,2024,True,Přehýšov,Plzeň-sever,Plzeňský kraj,"Přehýšov, Plzeň-sever, Plzeňský kraj, Česká republika",True
441.0,"Lhota u Příbramě (Příbram, STČ)","Souhlasíte, aby zastupitelstvo obce Lhota u Příbramě podniklo kroky k zamezení výstavby spalovny tuhého komunálního odpadu Příbram - zařízení pro energetické využití odpadu?",2025-01-18 00:00:00,381,0.2047,NE,"62      (79,49 %)","12      (15,38 %)",NE              (96),,NE,True,False,False,True,96,2025,True,Lhota u Příbramě,Příbram,Střední čechy,"Lhota u Příbramě, Příbram, Střední čechy, Česká republika",True
442.0,"Řimovice    (Benešov, STČ)","Souhlasíte s tím, aby v katastrálním území obce Řimovice (745758), 258 01, byla realizována výstavba větrných elektráren?",2024-12-21 00:00:00,181,0.8508,ANO,"70      (45,45 %)","84      (54,55 %)",ANO          (46),,ANO,True,True,True,True,46,2024,True,Řimovice,Benešov,Střední čechy,"Řimovice, Benešov, Střední čechy, Česká republika",True
